Name,Category,Category,Locked,Deletable,Id,Family and Type,Family,Type,Family Name,Type Id,PLR_Asset_Name,PLR_Location_Code,PLR_Instance_Number,PLR_Parent_Uniclass_ID,PLR_Parent_Uniclass_Descr.,Image,Keynote,Design Option,Design Option,Model,Manufacturer,Comments,URL,Description,Assembly Description,Assembly Code,Edited by,Workset,Type Name,Cost,Mark,Properties,Subclass,Class,Grade,Species,Thermal expansion coefficient,Bending,Shear modulus,Poisson ratio,Tension perpendicular to grain,Shear parallel to grain,Compression perpendicular to grain,Compression parallel to grain,Young modulus,Material Type,Name,Lightweight,Behavior,Resistance calculation strength,Reduction factor for shear,Minimum tensile strength,Minimum yield stress,Shear strength modification,Shear reinforcement yield stress,Bending reinforcement,Concrete compression,Thermal expansion coefficient Z,Thermal expansion coefficient Y,Thermal expansion coefficient X,Unit weight,Shear modulus Z,Shear modulus Y,Shear modulus X,Poisson ratio Z,Poisson ratio Y,Poisson ratio X,Young modulus Z,Young modulus Y,Young modulus X,Shininess,Smoothness,Glow,Transparency,Color,Phase Demolished,Phase Created
Default,Revit Category : Materials : id -2000700,Revit Category : Materials : id -2000700,FALSE,TRUE,23,Revit Element : <None>,Revit Element : <None>,Revit Element : <None>,,-1,,,,,,,PNT-101,Revit Element : <None>,Main Model,,,,,DEFAULT,,,,10,,0,,-1,,0,Standard,Douglas Fir (West),0,87000,76.9,0.3,2.4,8.9,5200,51200,199.95,0,Default,FALSE,0,0.34,1.66,0.45,0.34,1,0.41,0.41,0.03,0,0,0,0,76.9,76.9,76.9,0.3,0.3,0.3,199.95,199.95,199.95,64,50,FALSE,0,"215,231,232",Revit Element : <None>,Revit Element : <None>
Default Wall,Revit Category : Materials : id -2000700,Revit Category : Materials : id -2000700,FALSE,TRUE,24,Revit Element : <None>,Revit Element : <None>,Revit Element : <None>,,-1,,,,,,,,Revit Element : <None>,Main Model,,,,,DEFAULT WALL,,,,10,,0,,-1,,0,Standard,Douglas Fir (West),0,87000,76.9,0.3,2.4,8.9,5200,51200,199.95,0,Default Wall,FALSE,0,0.34,1.66,0.45,0.34,1,0.41,0.41,0.03,0,0,0,0,76.9,76.9,76.9,0.3,0.3,0.3,199.95,199.95,199.95,64,50,FALSE,0,"250,245,165",Revit Element : <None>,Revit Element : <None>
Default Roof,Revit Category : Materials : id -2000700,Revit Category : Materials : id -2000700,FALSE,TRUE,25,Revit Element : <None>,Revit Element : <None>,Revit Element : <None>,,-1,,,,,,,,Revit Element : <None>,Main Model,,,,,DEFAULT ROOF,,,,10,,0,,-1,,0,Standard,Douglas Fir (West),0,87000,76.9,0.3,2.4,8.9,5200,51200,199.95,0,Default Roof,FALSE,0,0.34,1.66,0.45,0.34,1,0.41,0.41,0.03,0,0,0,0,76.9,76.9,76.9,0.3,0.3,0.3,199.95,199.95,199.95,64,50,FALSE,0,"240,240,240",Revit Element : <None>,Revit Element : <None>
COX - G - Glass,Revit Category : Materials : id -2000700,Revit Category : Materials : id -2000700,FALSE,TRUE,26,Revit Element : <None>,Revit Element : <None>,Revit Element : <None>,,-1,,,,,,,GLS-100,Revit Element : <None>,Main Model,,,,,GLASS,,,,10,,0,G,-1,,0,Standard,Douglas Fir (West),0,87000,76.9,0.3,2.4,8.9,5200,51200,199.95,0,COX - G - Glass,FALSE,0,0.34,1.66,0.45,0.34,1,0.41,0.41,0.03,0,0,0,0,76.9,76.9,76.9,0.3,0.3,0.3,199.95,199.95,199.95,12,50,FALSE,95,"190,241,252",Revit Element : <None>,Revit Element : <None>
Phase-Demo,Revit Category : Materials : id -2000700,Revit Category : Materials : id -2000700,FALSE,TRUE,27,Revit Element : <None>,Revit Element : <None>,Revit Element : <None>,,-1,,,,,,,,Revit Element : <None>,Main Model,,,,,PHASE-DEMO,,,,10,,0,,-1,,0,Standard,Douglas Fir (West),0,87000,76.9,0.3,2.4,8.9,5200,51200,199.95,0,Phase-Demo,FALSE,0,0.34,1.66,0.45,0.34,1,0.41,0.41,0.03,0,0,0,0,76.9,76.9,76.9,0.3,0.3,0.3,199.95,199.95,199.95,64,50,FALSE,40,"255,0,0",Revit Element : <None>,Revit Element : <None>
Phase-Exist,Revit Category : Materials : id -2000700,Revit Category : Materials : id -2000700,FALSE,TRUE,28,Revit Element : <None>,Revit Element : <None>,Revit Element : <None>,,-1,,,,,,,,Revit Element : <None>,Main Model,,,,,PHASE-EXISTING,,,,10,,0,,-1,,0,Standard,Douglas Fir (West),0,87000,76.9,0.3,2.4,8.9,5200,51200,199.95,0,Phase-Exist,FALSE,0,0.34,1.66,0.45,0.34,1,0.41,0.41,0.03,0,0,0,0,76.9,76.9,76.9,0.3,0.3,0.3,199.95,199.95,199.95,64,50,FALSE,0,"214,214,214",Revit Element : <None>,Revit Element : <None>
Phase-Temp,Revit Category : Materials : id -2000700,Revit Category : Materials : id -2000700,FALSE,TRUE,29,Revit Element : <None>,Revit Element : <None>,Revit Element : <None>,,-1,,,,,,,,Revit Element : <None>,Main Model,,,,,PHACE-TEMP,,,,10,,0,,-1,,0,Standard,Douglas Fir (West),0,87000,76.9,0.3,2.4,8.9,5200,51200,199.95,0,Phase-Temp,FALSE,0,0.34,1.66,0.45,0.34,1,0.41,0.41,0.03,0,0,0,0,76.9,76.9,76.9,0.3,0.3,0.3,199.95,199.95,199.95,64,50,FALSE,40,"0,0,127",Revit Element : <None>,Revit Element : <None>
COX - BK - Brick,Revit Category : Materials : id -2000700,Revit Category : Materials : id -2000700,FALSE,TRUE,414,Revit Element : <None>,Revit Element : <None>,Revit Element : <None>,,-1,,,,,,,BK,Revit Element : <None>,Main Model,,,,,BRICK,,,,10,,0,BK,-1,,0,Standard,Douglas Fir (West),0,87000,76.9,0.3,2.4,8.9,5200,51200,199.95,0,COX - BK - Brick,FALSE,0,0.34,1.66,0.45,0.34,1,0.41,0.41,0.03,0,0,0,0,76.9,76.9,76.9,0.3,0.3,0.3,199.95,199.95,199.95,128,50,FALSE,0,"123,115,87",Revit Element : <None>,Revit Element : <None>
COX - CB - Concrete Block,Revit Category : Materials : id -2000700,Revit Category : Materials : id -2000700,FALSE,TRUE,415,Revit Element : <None>,Revit Element : <None>,Revit Element : <None>,,-1,,,,,,,CB,Revit Element : <None>,Main Model,,,,,CONCRETE BLOCK,,,,10,,0,CB,-1,,0,Standard,Douglas Fir (West),0,87000,76.9,0.3,2.4,8.9,5200,51200,199.95,0,COX - CB - Concrete Block,FALSE,0,0.34,1.66,0.45,0.34,1,0.41,0.41,0.03,0,0,0,0,76.9,76.9,76.9,0.3,0.3,0.3,199.95,199.95,199.95,128,50,FALSE,0,"214,214,209",Revit Element : <None>,Revit Element : <None>
Metal - Stud Layer,Revit Category : Materials : id -2000700,Revit Category : Materials : id -2000700,FALSE,TRUE,416,Revit Element : <None>,Revit Element : <None>,Revit Element : <None>,,-1,,,,,,,,Revit Element : <None>,Main Model,,,Rendering appearance not upgraded ,,Metal Stud,,,,10,,0,,-1,,0,Standard,Douglas Fir (West),0,87000,76.9,0.3,2.4,8.9,5200,51200,199.95,0,Metal - Stud Layer,FALSE,0,0.34,1.66,0.45,0.34,1,0.41,0.41,0.03,0,0,0,0,76.9,76.9,76.9,0.3,0.3,0.3,199.95,199.95,199.95,64,50,FALSE,0,"127,127,127",Revit Element : <None>,Revit Element : <None>
COX - PLY - Plywood,Revit Category : Materials : id -2000700,Revit Category : Materials : id -2000700,FALSE,TRUE,417,Revit Element : <None>,Revit Element : <None>,Revit Element : <None>,,-1,,,,,,,PLY,Revit Element : <None>,Main Model,,,,,PLYWOOD,,,,10,,0,,-1,,0,Standard,Douglas Fir (West),0,87000,76.9,0.3,2.4,8.9,5200,51200,199.95,0,COX - PLY - Plywood,FALSE,0,0.34,1.66,0.45,0.34,1,0.41,0.41,0.03,0,0,0,0,76.9,76.9,76.9,0.3,0.3,0.3,199.95,199.95,199.95,128,50,FALSE,0,"219,183,111",Revit Element : <None>,Revit Element : <None>
Cavity Air Layers - Air Space,Revit Category : Materials : id -2000700,Revit Category : Materials : id -2000700,FALSE,TRUE,418,Revit Element : <None>,Revit Element : <None>,Revit Element : <None>,,-1,,,,,,,,Revit Element : <None>,Main Model,,,,,,,,,10,,0,,-1,,0,Standard,Douglas Fir (West),0,87000,76.9,0.3,2.4,8.9,5200,51200,199.95,0,Cavity Air Layers - Air Space,FALSE,0,0.34,1.66,0.45,0.34,1,0.41,0.41,0.03,0,0,0,0,76.9,76.9,76.9,0.3,0.3,0.3,199.95,199.95,199.95,64,50,FALSE,0,"255,255,255",Revit Element : <None>,Revit Element : <None>
Vapour / Moisture Barriers - Vapour Retarder,Revit Category : Materials : id -2000700,Revit Category : Materials : id -2000700,FALSE,TRUE,421,Revit Element : <None>,Revit Element : <None>,Revit Element : <None>,,-1,,,,,,,,Revit Element : <None>,Main Model,,,,,Vapour Retarder,,,,10,,0,,-1,,0,Standard,Douglas Fir (West),0,87000,76.9,0.3,2.4,8.9,5200,51200,199.95,0,Vapour / Moisture Barriers - Vapour Retarder,FALSE,0,0.34,1.66,0.45,0.34,1,0.41,0.41,0.03,0,0,0,0,76.9,76.9,76.9,0.3,0.3,0.3,199.95,199.95,199.95,64,50,FALSE,0,"127,127,127",Revit Element : <None>,Revit Element : <None>
Vapour / Moisture Barriers - Damp-Proofing,Revit Category : Materials : id -2000700,Revit Category : Materials : id -2000700,FALSE,TRUE,422,Revit Element : <None>,Revit Element : <None>,Revit Element : <None>,,-1,,,,,,,,Revit Element : <None>,Main Model,,,,,Damp Proofing,,,,10,,0,,-1,,0,Standard,Douglas Fir (West),0,87000,76.9,0.3,2.4,8.9,5200,51200,199.95,0,Vapour / Moisture Barriers - Damp-Proofing,FALSE,0,0.34,1.66,0.45,0.34,1,0.41,0.41,0.03,0,0,0,0,76.9,76.9,76.9,0.3,0.3,0.3,199.95,199.95,199.95,64,50,FALSE,0,"127,127,127",Revit Element : <None>,Revit Element : <None>
COX - PB - Plasterboard,Revit Category : Materials : id -2000700,Revit Category : Materials : id -2000700,FALSE,TRUE,423,Revit Element : <None>,Revit Element : <None>,Revit Element : <None>,,-1,,,,,,,ILS-101,Revit Element : <None>,Main Model,,,,,PLASTER BOARD,,,,10,,0,PB,-1,,0,Standard,Douglas Fir (West),0,87000,76.9,0.3,2.4,8.9,5200,51200,199.95,0,COX - PB - Plasterboard,FALSE,0,0.34,1.66,0.45,0.34,1,0.41,0.41,0.03,0,0,0,0,76.9,76.9,76.9,0.3,0.3,0.3,199.95,199.95,199.95,128,50,FALSE,0,"192,192,192",Revit Element : <None>,Revit Element : <None>
COX - INS - Insulation - Thermal or Acoustic,Revit Category : Materials : id -2000700,Revit Category : Materials : id -2000700,FALSE,TRUE,424,Revit Element : <None>,Revit Element : <None>,Revit Element : <None>,,-1,,,,,,,INS,Revit Element : <None>,Main Model,,,,,INSULATION - THERMAL OR ACUSTIC,,,,10,,0,INS,-1,,0,Standard,Douglas Fir (West),0,87000,76.9,0.3,2.4,8.9,5200,51200,199.95,0,COX - INS - Insulation - Thermal or Acoustic,FALSE,0,0.34,1.66,0.45,0.34,1,0.41,0.41,0.03,0,0,0,0,76.9,76.9,76.9,0.3,0.3,0.3,199.95,199.95,199.95,64,50,FALSE,0,"192,192,192",Revit Element : <None>,Revit Element : <None>
Site - Earth,Revit Category : Materials : id -2000700,Revit Category : Materials : id -2000700,FALSE,TRUE,519,Revit Element : <None>,Revit Element : <None>,Revit Element : <None>,,-1,,,,,,,,Revit Element : <None>,Main Model,,,,,Earth,,,,10,,0,,-1,,0,Standard,Douglas Fir (West),0,87000,76.9,0.3,2.4,8.9,5200,51200,199.95,0,Site - Earth,FALSE,0,0.34,1.66,0.45,0.34,1,0.41,0.41,0.03,0,0,0,0,76.9,76.9,76.9,0.3,0.3,0.3,199.95,199.95,199.95,128,50,FALSE,0,"199,179,167",Revit Element : <None>,Revit Element : <None>
Site - Grass,Revit Category : Materials : id -2000700,Revit Category : Materials : id -2000700,FALSE,TRUE,520,Revit Element : <None>,Revit Element : <None>,Revit Element : <None>,,-1,,,,,,,,Revit Element : <None>,Main Model,,,,,Grass,,,,10,,0,,-1,,0,Standard,Douglas Fir (West),0,87000,76.9,0.3,2.4,8.9,5200,51200,199.95,0,Site - Grass,FALSE,0,0.34,1.66,0.45,0.34,1,0.41,0.41,0.03,0,0,0,0,76.9,76.9,76.9,0.3,0.3,0.3,199.95,199.95,199.95,128,50,FALSE,0,"180,227,172",Revit Element : <None>,Revit Element : <None>
COX - BIT - Bitumen,Revit Category : Materials : id -2000700,Revit Category : Materials : id -2000700,FALSE,TRUE,521,Revit Element : <None>,Revit Element : <None>,Revit Element : <None>,,-1,,,,,,,BIT,Revit Element : <None>,Main Model,,,,,BITUMENT,,,,10,,0,BIT,-1,,0,Standard,Douglas Fir (West),0,87000,76.9,0.3,2.4,8.9,5200,51200,199.95,0,COX - BIT - Bitumen,FALSE,0,0.34,1.66,0.45,0.34,1,0.41,0.41,0.03,0,0,0,0,76.9,76.9,76.9,0.3,0.3,0.3,199.95,199.95,199.95,128,50,FALSE,0,"76,75,75",Revit Element : <None>,Revit Element : <None>
Site - Sand,Revit Category : Materials : id -2000700,Revit Category : Materials : id -2000700,FALSE,TRUE,522,Revit Element : <None>,Revit Element : <None>,Revit Element : <None>,,-1,,,,,,,,Revit Element : <None>,Main Model,,,,,Sand,,,,10,,0,,-1,,0,Standard,Douglas Fir (West),0,87000,76.9,0.3,2.4,8.9,5200,51200,199.95,0,Site - Sand,FALSE,0,0.34,1.66,0.45,0.34,1,0.41,0.41,0.03,0,0,0,0,76.9,76.9,76.9,0.3,0.3,0.3,199.95,199.95,199.95,128,50,FALSE,0,"207,201,197",Revit Element : <None>,Revit Element : <None>
COX - CONC  - Concrete,Revit Category : Materials : id -2000700,Revit Category : Materials : id -2000700,FALSE,TRUE,523,Revit Element : <None>,Revit Element : <None>,Revit Element : <None>,,-1,,,,,,,FLOOR SURFACINGS,Revit Element : <None>,Main Model,,,,,CONCRETE,,,,10,,0,CONC,-1,,0,Standard,Douglas Fir (West),0,87000,76.9,0.3,2.4,8.9,5200,51200,199.95,0,COX - CONC  - Concrete,FALSE,0,0.34,1.66,0.45,0.34,1,0.41,0.41,0.03,0,0,0,0,76.9,76.9,76.9,0.3,0.3,0.3,199.95,199.95,199.95,128,50,FALSE,0,"218,218,218",Revit Element : <None>,Revit Element : <None>
COX - GB - Glass Blockwork,Revit Category : Materials : id -2000700,Revit Category : Materials : id -2000700,FALSE,TRUE,524,Revit Element : <None>,Revit Element : <None>,Revit Element : <None>,,-1,,,,,,,GB,Revit Element : <None>,Main Model,,,,,GLASS BLOCKWORK,,,,10,,0,GB,-1,,0,Standard,Douglas Fir (West),0,87000,76.9,0.3,2.4,8.9,5200,51200,199.95,0,COX - GB - Glass Blockwork,FALSE,0,0.34,1.66,0.45,0.34,1,0.41,0.41,0.03,0,0,0,0,76.9,76.9,76.9,0.3,0.3,0.3,199.95,199.95,199.95,25,50,FALSE,68,"193,250,253",Revit Element : <None>,Revit Element : <None>
COX - ST - Stone,Revit Category : Materials : id -2000700,Revit Category : Materials : id -2000700,FALSE,TRUE,525,Revit Element : <None>,Revit Element : <None>,Revit Element : <None>,,-1,,,,,,,ST,Revit Element : <None>,Main Model,,,,,STONE,,,,10,,0,ST,-1,,0,Standard,Douglas Fir (West),0,87000,76.9,0.3,2.4,8.9,5200,51200,199.95,0,COX - ST - Stone,FALSE,0,0.34,1.66,0.45,0.34,1,0.41,0.41,0.03,0,0,0,0,76.9,76.9,76.9,0.3,0.3,0.3,199.95,199.95,199.95,128,50,FALSE,0,"226,133,122",Revit Element : <None>,Revit Element : <None>
Metal - Panel,Revit Category : Materials : id -2000700,Revit Category : Materials : id -2000700,FALSE,TRUE,527,Revit Element : <None>,Revit Element : <None>,Revit Element : <None>,,-1,,,,,,,,Revit Element : <None>,Main Model,,,,,Metal Panel,,,,10,,0,,-1,,0,Standard,Douglas Fir (West),0,87000,76.9,0.3,2.4,8.9,5200,51200,199.95,0,Metal - Panel,FALSE,0,0.34,1.66,0.45,0.34,1,0.41,0.41,0.03,0,0,0,0,76.9,76.9,76.9,0.3,0.3,0.3,199.95,199.95,199.95,128,50,FALSE,0,"247,247,247",Revit Element : <None>,Revit Element : <None>
COX - SS - Stainless Steel,Revit Category : Materials : id -2000700,Revit Category : Materials : id -2000700,FALSE,TRUE,528,Revit Element : <None>,Revit Element : <None>,Revit Element : <None>,,-1,,,,,,,TRM-101,Revit Element : <None>,Main Model,,,,,STAINLESS STEEL,,,,10,,0,SS,-1,,0,Standard,Douglas Fir (West),0,87000,76.9,0.3,2.4,8.9,5200,51200,199.95,0,COX - SS - Stainless Steel,FALSE,0,0.34,1.66,0.45,0.34,1,0.41,0.41,0.03,0,0,0,0,76.9,76.9,76.9,0.3,0.3,0.3,199.95,199.95,199.95,128,50,FALSE,0,"212,212,212",Revit Element : <None>,Revit Element : <None>
COX - MC - Metal Cladding,Revit Category : Materials : id -2000700,Revit Category : Materials : id -2000700,FALSE,TRUE,529,Revit Element : <None>,Revit Element : <None>,Revit Element : <None>,,-1,,,,,,,MC,Revit Element : <None>,Main Model,,,,,METAL CLADDING,,,,10,,0,MC,-1,,0,Standard,Douglas Fir (West),0,87000,76.9,0.3,2.4,8.9,5200,51200,199.95,0,COX - MC - Metal Cladding,FALSE,0,0.34,1.66,0.45,0.34,1,0.41,0.41,0.03,0,0,0,0,76.9,76.9,76.9,0.3,0.3,0.3,199.95,199.95,199.95,128,50,FALSE,0,"247,247,247",Revit Element : <None>,Revit Element : <None>
Metal - Sheet / Flashing,Revit Category : Materials : id -2000700,Revit Category : Materials : id -2000700,FALSE,TRUE,530,Revit Element : <None>,Revit Element : <None>,Revit Element : <None>,,-1,,,,,,,,Revit Element : <None>,Main Model,,,,,Metal Flashing,,,,10,,0,,-1,,0,Standard,Douglas Fir (West),0,87000,76.9,0.3,2.4,8.9,5200,51200,199.95,0,Metal - Sheet / Flashing,FALSE,0,0.34,1.66,0.45,0.34,1,0.41,0.41,0.03,0,0,0,0,76.9,76.9,76.9,0.3,0.3,0.3,199.95,199.95,199.95,128,50,FALSE,0,"247,247,247",Revit Element : <None>,Revit Element : <None>
Roofing - Metal,Revit Category : Materials : id -2000700,Revit Category : Materials : id -2000700,FALSE,TRUE,531,Revit Element : <None>,Revit Element : <None>,Revit Element : <None>,,-1,,,,,,,,Revit Element : <None>,Main Model,,,,,Metal Roofing,,,,10,,0,,-1,,0,Standard,Douglas Fir (West),0,87000,76.9,0.3,2.4,8.9,5200,51200,199.95,0,Roofing - Metal,FALSE,0,0.34,1.66,0.45,0.34,1,0.41,0.41,0.03,0,0,0,0,76.9,76.9,76.9,0.3,0.3,0.3,199.95,199.95,199.95,64,50,FALSE,0,"247,247,247",Revit Element : <None>,Revit Element : <None>
COX - MS- Mild Steel,Revit Category : Materials : id -2000700,Revit Category : Materials : id -2000700,FALSE,TRUE,532,Revit Element : <None>,Revit Element : <None>,Revit Element : <None>,,-1,,,,,,,MS,Revit Element : <None>,Main Model,,,,,MILD STEEL,,,,10,,0,MS,-1,,0,Standard,Douglas Fir (West),0,87000,76.9,0.3,2.4,8.9,5200,51200,199.95,0,COX - MS- Mild Steel,FALSE,0,0.34,1.66,0.45,0.34,1,0.41,0.41,0.03,0,0,0,0,76.9,76.9,76.9,0.3,0.3,0.3,199.95,199.95,199.95,128,50,FALSE,0,"247,247,247",Revit Element : <None>,Revit Element : <None>
COX - TM - Timber,Revit Category : Materials : id -2000700,Revit Category : Materials : id -2000700,FALSE,TRUE,539,Revit Element : <None>,Revit Element : <None>,Revit Element : <None>,,-1,,,,,,,TM,Revit Element : <None>,Main Model,,,,,TIMBER,,,,10,,0,TM,-1,,0,Standard,Douglas Fir (West),0,87000,76.9,0.3,2.4,8.9,5200,51200,199.95,0,COX - TM - Timber,FALSE,0,0.34,1.66,0.45,0.34,1,0.41,0.41,0.03,0,0,0,0,76.9,76.9,76.9,0.3,0.3,0.3,199.95,199.95,199.95,128,50,FALSE,0,"212,179,113",Revit Element : <None>,Revit Element : <None>
COX - PC - Precast Concrete,Revit Category : Materials : id -2000700,Revit Category : Materials : id -2000700,FALSE,TRUE,547,Revit Element : <None>,Revit Element : <None>,Revit Element : <None>,,-1,,,,,,,PC,Revit Element : <None>,Main Model,,,,,PRECAST CONCRETE,,,,10,,0,PC,-1,,0,Standard,Douglas Fir (West),0,87000,76.9,0.3,2.4,8.9,5200,51200,199.95,0,COX - PC - Precast Concrete,FALSE,0,0.34,1.66,0.45,0.34,1,0.41,0.41,0.03,0,0,0,0,76.9,76.9,76.9,0.3,0.3,0.3,199.95,199.95,199.95,128,50,FALSE,0,"189,189,189",Revit Element : <None>,Revit Element : <None>
COX - MDF - Medium Density Fibreboard,Revit Category : Materials : id -2000700,Revit Category : Materials : id -2000700,FALSE,TRUE,556,Revit Element : <None>,Revit Element : <None>,Revit Element : <None>,,-1,,,,,,,MDF,Revit Element : <None>,Main Model,,,,,MEDIUM DENSITY FIBREBOARD,,,,10,,0,,-1,,0,Standard,Douglas Fir (West),0,87000,76.9,0.3,2.4,8.9,5200,51200,199.95,0,COX - MDF - Medium Density Fibreboard,FALSE,0,0.34,1.66,0.45,0.34,1,0.41,0.41,0.03,0,0,0,0,76.9,76.9,76.9,0.3,0.3,0.3,199.95,199.95,199.95,64,50,FALSE,0,"192,192,192",Revit Element : <None>,Revit Element : <None>
Metal - Copper,Revit Category : Materials : id -2000700,Revit Category : Materials : id -2000700,FALSE,TRUE,557,Revit Element : <None>,Revit Element : <None>,Revit Element : <None>,,-1,,,,,,,,Revit Element : <None>,Main Model,,,,,Copper,,,,10,,0,,-1,,0,Standard,Douglas Fir (West),0,87000,76.9,0.3,2.4,8.9,5200,51200,199.95,0,Metal - Copper,FALSE,0,0.34,1.66,0.45,0.34,1,0.41,0.41,0.03,0,0,0,0,76.9,76.9,76.9,0.3,0.3,0.3,199.95,199.95,199.95,128,50,FALSE,0,"139,237,147",Revit Element : <None>,Revit Element : <None>
Default Floor,Revit Category : Materials : id -2000700,Revit Category : Materials : id -2000700,FALSE,TRUE,758,Revit Element : <None>,Revit Element : <None>,Revit Element : <None>,,-1,,,,,,,,Revit Element : <None>,Main Model,,,,,DEFAULT FLOOR,,,,10,,0,,-1,,0,Standard,Douglas Fir (West),0,87000,76.9,0.3,2.4,8.9,5200,51200,199.95,0,Default Floor,FALSE,0,0.34,1.66,0.45,0.34,1,0.41,0.41,0.03,0,0,0,0,76.9,76.9,76.9,0.3,0.3,0.3,199.95,199.95,199.95,64,50,FALSE,0,"222,224,199",Revit Element : <None>,Revit Element : <None>
Structure - Timber Joist/Rafter Layer,Revit Category : Materials : id -2000700,Revit Category : Materials : id -2000700,FALSE,TRUE,788,Revit Element : <None>,Revit Element : <None>,Revit Element : <None>,,-1,,,,,,,,Revit Element : <None>,Main Model,,,,,,,,,10,,0,,-1,,0,Standard,Douglas Fir (West),0,87000,76.9,0.3,2.4,8.9,5200,51200,199.95,0,Structure - Timber Joist/Rafter Layer,FALSE,0,0.34,1.66,0.45,0.34,1,0.41,0.41,0.03,0,0,0,0,76.9,76.9,76.9,0.3,0.3,0.3,199.95,199.95,199.95,64,50,FALSE,0,"192,192,192",Revit Element : <None>,Revit Element : <None>
Roofing - EPDM Membrane,Revit Category : Materials : id -2000700,Revit Category : Materials : id -2000700,FALSE,TRUE,792,Revit Element : <None>,Revit Element : <None>,Revit Element : <None>,,-1,,,,,,,,Revit Element : <None>,Main Model,,,,,EPDM,,,,10,,0,,-1,,0,Standard,Douglas Fir (West),0,87000,76.9,0.3,2.4,8.9,5200,51200,199.95,0,Roofing - EPDM Membrane,FALSE,0,0.34,1.66,0.45,0.34,1,0.41,0.41,0.03,0,0,0,0,76.9,76.9,76.9,0.3,0.3,0.3,199.95,199.95,199.95,64,50,FALSE,0,"127,127,127",Revit Element : <None>,Revit Element : <None>
COX - VS - Vinyl Sheeting,Revit Category : Materials : id -2000700,Revit Category : Materials : id -2000700,FALSE,TRUE,794,Revit Element : <None>,Revit Element : <None>,Revit Element : <None>,,-1,,,,,,,VS,Revit Element : <None>,Main Model,,,,,VINYL SHEETING,,,,10,,0,,-1,,0,Standard,Douglas Fir (West),0,87000,76.9,0.3,2.4,8.9,5200,51200,199.95,0,COX - VS - Vinyl Sheeting,FALSE,0,0.34,1.66,0.45,0.34,1,0.41,0.41,0.03,0,0,0,0,76.9,76.9,76.9,0.3,0.3,0.3,199.95,199.95,199.95,128,50,FALSE,0,"248,213,177",Revit Element : <None>,Revit Element : <None>
COX - CTF - Ceramic Tile Floor 200mm,Revit Category : Materials : id -2000700,Revit Category : Materials : id -2000700,FALSE,TRUE,812,Revit Element : <None>,Revit Element : <None>,Revit Element : <None>,,-1,,,,,,,FLR-403,Revit Element : <None>,Main Model,,,,,CERAMIC TILE FLOOR,,,,10,,0,CTF2,-1,,0,Standard,Douglas Fir (West),0,87000,76.9,0.3,2.4,8.9,5200,51200,199.95,0,COX - CTF - Ceramic Tile Floor 200mm,FALSE,0,0.34,1.66,0.45,0.34,1,0.41,0.41,0.03,0,0,0,0,76.9,76.9,76.9,0.3,0.3,0.3,199.95,199.95,199.95,128,50,FALSE,0,"229,219,210",Revit Element : <None>,Revit Element : <None>
COX - CEA - Concrete - Exposed Aggregate Finish,Revit Category : Materials : id -2000700,Revit Category : Materials : id -2000700,FALSE,TRUE,813,Revit Element : <None>,Revit Element : <None>,Revit Element : <None>,,-1,,,,,,,CEA,Revit Element : <None>,Main Model,,,,,CONCRETE - EXPOSED AGGRAGATE FINISH,,,,10,,0,CEA,-1,,0,Standard,Douglas Fir (West),0,87000,76.9,0.3,2.4,8.9,5200,51200,199.95,0,COX - CEA - Concrete - Exposed Aggregate Finish,FALSE,0,0.34,1.66,0.45,0.34,1,0.41,0.41,0.03,0,0,0,0,76.9,76.9,76.9,0.3,0.3,0.3,199.95,199.95,199.95,0,50,FALSE,0,"209,209,209",Revit Element : <None>,Revit Element : <None>
Roofing - Asphalt,Revit Category : Materials : id -2000700,Revit Category : Materials : id -2000700,FALSE,TRUE,865,Revit Element : <None>,Revit Element : <None>,Revit Element : <None>,,-1,,,,,,,,Revit Element : <None>,Main Model,,,,,Asphalt Roofing,,,,10,,0,,-1,,0,Standard,Douglas Fir (West),0,87000,76.9,0.3,2.4,8.9,5200,51200,199.95,0,Roofing - Asphalt,FALSE,0,0.34,1.66,0.45,0.34,1,0.41,0.41,0.03,0,0,0,0,76.9,76.9,76.9,0.3,0.3,0.3,199.95,199.95,199.95,128,50,FALSE,0,"155,155,155",Revit Element : <None>,Revit Element : <None>
Structure - Precast Concrete Beams,Revit Category : Materials : id -2000700,Revit Category : Materials : id -2000700,FALSE,TRUE,5091,Revit Element : <None>,Revit Element : <None>,Revit Element : <None>,,-1,,,,,,,,Revit Element : <None>,Main Model,,,,,,,,,10,,0,,-1,,0,Standard,Douglas Fir (West),0,87000,76.9,0.3,2.4,8.9,5200,51200,199.95,0,Structure - Precast Concrete Beams,FALSE,0,0.34,1.66,0.45,0.34,1,0.41,0.41,0.03,0,0,0,0,76.9,76.9,76.9,0.3,0.3,0.3,199.95,199.95,199.95,64,50,FALSE,0,"192,192,192",Revit Element : <None>,Revit Element : <None>
Site - Hardcore,Revit Category : Materials : id -2000700,Revit Category : Materials : id -2000700,FALSE,TRUE,5121,Revit Element : <None>,Revit Element : <None>,Revit Element : <None>,,-1,,,,,,,,Revit Element : <None>,Main Model,,,,,Hardcore,,,,10,,0,,-1,,0,Standard,Douglas Fir (West),0,87000,76.9,0.3,2.4,8.9,5200,51200,199.95,0,Site - Hardcore,FALSE,0,0.34,1.66,0.45,0.34,1,0.41,0.41,0.03,0,0,0,0,76.9,76.9,76.9,0.3,0.3,0.3,199.95,199.95,199.95,0,0,FALSE,0,"224,224,224",Revit Element : <None>,Revit Element : <None>
Roofing - Felt,Revit Category : Materials : id -2000700,Revit Category : Materials : id -2000700,FALSE,TRUE,5181,Revit Element : <None>,Revit Element : <None>,Revit Element : <None>,,-1,,,,,,,,Revit Element : <None>,Main Model,,,,,Roof Felt,,,,10,,0,,-1,,0,Standard,Douglas Fir (West),0,87000,76.9,0.3,2.4,8.9,5200,51200,199.95,0,Roofing - Felt,FALSE,0,0.34,1.66,0.45,0.34,1,0.41,0.41,0.03,0,0,0,0,76.9,76.9,76.9,0.3,0.3,0.3,199.95,199.95,199.95,0,50,FALSE,0,"127,127,127",Revit Element : <None>,Revit Element : <None>
COX - EGC - Exposed Grid Ceiling 600 x 600mm,Revit Category : Materials : id -2000700,Revit Category : Materials : id -2000700,FALSE,TRUE,7247,Revit Element : <None>,Revit Element : <None>,Revit Element : <None>,,-1,,,,,,,EGC02,Revit Element : <None>,Main Model,,,,,EXPOSED GRID CEILING TILE 600 x 600,,,,10,,0,EGC02,-1,,0,Standard,Douglas Fir (West),0,87000,76.9,0.3,2.4,8.9,5200,51200,199.95,0,COX - EGC - Exposed Grid Ceiling 600 x 600mm,FALSE,0,0.34,1.66,0.45,0.34,1,0.41,0.41,0.03,0,0,0,0,76.9,76.9,76.9,0.3,0.3,0.3,199.95,199.95,199.95,128,50,FALSE,0,"245,255,217",Revit Element : <None>,Revit Element : <None>
Phase-New,Revit Category : Materials : id -2000700,Revit Category : Materials : id -2000700,FALSE,TRUE,8798,Revit Element : <None>,Revit Element : <None>,Revit Element : <None>,,-1,,,,,,,,Revit Element : <None>,Main Model,,,,,PHASE-NEW,,,,10,,0,,-1,,0,Standard,Douglas Fir (West),0,87000,76.9,0.3,2.4,8.9,5200,51200,199.95,0,Phase-New,FALSE,0,0.34,1.66,0.45,0.34,1,0.41,0.41,0.03,0,0,0,0,76.9,76.9,76.9,0.3,0.3,0.3,199.95,199.95,199.95,64,50,FALSE,0,"0,0,0",Revit Element : <None>,Revit Element : <None>
Site - Water,Revit Category : Materials : id -2000700,Revit Category : Materials : id -2000700,FALSE,TRUE,10115,Revit Element : <None>,Revit Element : <None>,Revit Element : <None>,,-1,,,,,,,,Revit Element : <None>,Main Model,,,,,Water,,,,10,,0,,-1,,0,Standard,Douglas Fir (West),0,87000,76.9,0.3,2.4,8.9,5200,51200,199.95,0,Site - Water,FALSE,0,0.34,1.66,0.45,0.34,1,0.41,0.41,0.03,0,0,0,0,76.9,76.9,76.9,0.3,0.3,0.3,199.95,199.95,199.95,128,50,FALSE,20,"117,191,206",Revit Element : <None>,Revit Element : <None>
Door - Panel,Revit Category : Materials : id -2000700,Revit Category : Materials : id -2000700,FALSE,TRUE,10429,Revit Element : <None>,Revit Element : <None>,Revit Element : <None>,,-1,,,,,,,,Revit Element : <None>,Main Model,,,,,Solid Timber,,,,10,,0,,-1,,0,Standard,Douglas Fir (West),0,87000,76.9,0.3,2.4,8.9,5200,51200,199.95,0,Door - Panel,FALSE,0,0.34,1.66,0.45,0.34,1,0.41,0.41,0.03,0,0,0,0,76.9,76.9,76.9,0.3,0.3,0.3,199.95,199.95,199.95,128,50,FALSE,0,"255,255,255",Revit Element : <None>,Revit Element : <None>
COX - LAM - Laminate,Revit Category : Materials : id -2000700,Revit Category : Materials : id -2000700,FALSE,TRUE,10862,Revit Element : <None>,Revit Element : <None>,Revit Element : <None>,,-1,,,,,,,LAM,Revit Element : <None>,Main Model,,,,,LAMINATE,,,,10,,0,LAM,-1,,0,Standard,Douglas Fir (West),0,87000,76.9,0.3,2.4,8.9,5200,51200,199.95,0,COX - LAM - Laminate,FALSE,0,0.34,1.66,0.45,0.34,1,0.41,0.41,0.03,0,0,0,0,76.9,76.9,76.9,0.3,0.3,0.3,199.95,199.95,199.95,128,50,FALSE,0,"247,247,239",Revit Element : <None>,Revit Element : <None>
COX - CP - Chrome Plated,Revit Category : Materials : id -2000700,Revit Category : Materials : id -2000700,FALSE,TRUE,10868,Revit Element : <None>,Revit Element : <None>,Revit Element : <None>,,-1,,,,,,,CP,Revit Element : <None>,Main Model,,,,,CHROME PLATED,,,,10,,0,CP,-1,,0,Standard,Douglas Fir (West),0,87000,76.9,0.3,2.4,8.9,5200,51200,199.95,0,COX - CP - Chrome Plated,FALSE,0,0.34,1.66,0.45,0.34,1,0.41,0.41,0.03,0,0,0,0,76.9,76.9,76.9,0.3,0.3,0.3,199.95,199.95,199.95,128,50,FALSE,0,"244,244,244",Revit Element : <None>,Revit Element : <None>
Parking Stripe,Revit Category : Materials : id -2000700,Revit Category : Materials : id -2000700,FALSE,TRUE,12859,Revit Element : <None>,Revit Element : <None>,Revit Element : <None>,,-1,,,,,,,,Revit Element : <None>,Main Model,,,,,,,,,10,,0,,-1,,0,Standard,Douglas Fir (West),0,87000,76.9,0.3,2.4,8.9,5200,51200,199.95,0,Parking Stripe,FALSE,0,0.34,1.66,0.45,0.34,1,0.41,0.41,0.03,0,0,0,0,76.9,76.9,76.9,0.3,0.3,0.3,199.95,199.95,199.95,128,50,FALSE,0,"250,250,91",Revit Element : <None>,Revit Element : <None>
Door - Handle,Revit Category : Materials : id -2000700,Revit Category : Materials : id -2000700,FALSE,TRUE,21208,Revit Element : <None>,Revit Element : <None>,Revit Element : <None>,,-1,,,,,,,,Revit Element : <None>,Main Model,,,,,,,,,10,,0,,-1,,0,Standard,Douglas Fir (West),0,87000,76.9,0.3,2.4,8.9,5200,51200,199.95,0,Door - Handle,FALSE,0,0.34,1.66,0.45,0.34,1,0.41,0.41,0.03,0,0,0,0,76.9,76.9,76.9,0.3,0.3,0.3,199.95,199.95,199.95,64,50,FALSE,0,"192,192,192",Revit Element : <None>,Revit Element : <None>
COX - CR - Cement Render,Revit Category : Materials : id -2000700,Revit Category : Materials : id -2000700,FALSE,TRUE,22892,Revit Element : <None>,Revit Element : <None>,Revit Element : <None>,,-1,,,,,,,CR,Revit Element : <None>,Main Model,,,,,CEMENT RENDER,,,,10,,0,CR,-1,,0,Standard,Douglas Fir (West),0,87000,76.9,0.3,2.4,8.9,5200,51200,199.95,0,COX - CR - Cement Render,FALSE,0,0.34,1.66,0.45,0.34,1,0.41,0.41,0.03,0,0,0,0,76.9,76.9,76.9,0.3,0.3,0.3,199.95,199.95,199.95,128,50,FALSE,0,"218,194,177",Revit Element : <None>,Revit Element : <None>
COX - CPT - Carpet,Revit Category : Materials : id -2000700,Revit Category : Materials : id -2000700,FALSE,TRUE,29105,Revit Element : <None>,Revit Element : <None>,Revit Element : <None>,,-1,,,,,,,CPT,Revit Element : <None>,Main Model,,,,,CARPET,,,,10,,0,,-1,,0,Standard,Douglas Fir (West),0,87000,76.9,0.3,2.4,8.9,5200,51200,199.95,0,COX - CPT - Carpet,FALSE,0,0.34,1.66,0.45,0.34,1,0.41,0.41,0.03,0,0,0,0,76.9,76.9,76.9,0.3,0.3,0.3,199.95,199.95,199.95,128,50,FALSE,0,"222,208,139",Revit Element : <None>,Revit Element : <None>
Door - Frame,Revit Category : Materials : id -2000700,Revit Category : Materials : id -2000700,FALSE,TRUE,30200,Revit Element : <None>,Revit Element : <None>,Revit Element : <None>,,-1,,,,,,,,Revit Element : <None>,Main Model,,,,,,,,,10,,0,,-1,,0,Standard,Douglas Fir (West),0,87000,76.9,0.3,2.4,8.9,5200,51200,199.95,0,Door - Frame,FALSE,0,0.34,1.66,0.45,0.34,1,0.41,0.41,0.03,0,0,0,0,76.9,76.9,76.9,0.3,0.3,0.3,199.95,199.95,199.95,128,50,FALSE,0,"192,192,192",Revit Element : <None>,Revit Element : <None>
Door - Frame/Mullion,Revit Category : Materials : id -2000700,Revit Category : Materials : id -2000700,FALSE,TRUE,30821,Revit Element : <None>,Revit Element : <None>,Revit Element : <None>,,-1,,,,,,,,Revit Element : <None>,Main Model,,,,,,,,,10,,0,,-1,,0,Standard,Douglas Fir (West),0,87000,76.9,0.3,2.4,8.9,5200,51200,199.95,0,Door - Frame/Mullion,FALSE,0,0.34,1.66,0.45,0.34,1,0.41,0.41,0.03,0,0,0,0,76.9,76.9,76.9,0.3,0.3,0.3,199.95,199.95,199.95,128,50,FALSE,0,"192,192,192",Revit Element : <None>,Revit Element : <None>
Default Mass,Revit Category : Materials : id -2000700,Revit Category : Materials : id -2000700,FALSE,TRUE,50298,Revit Element : <None>,Revit Element : <None>,Revit Element : <None>,,-1,,,,,,,,Revit Element : <None>,Main Model,,,,,DEFAULT MASS,,,,10,,0,,-1,,0,Standard,Douglas Fir (West),0,87000,76.9,0.3,2.4,8.9,5200,51200,199.95,0,Default Mass,FALSE,0,0.34,1.66,0.45,0.34,1,0.41,0.41,0.03,0,0,0,0,76.9,76.9,76.9,0.3,0.3,0.3,199.95,199.95,199.95,64,50,FALSE,75,"177,154,239",Revit Element : <None>,Revit Element : <None>
Default Floor Area Face,Revit Category : Materials : id -2000700,Revit Category : Materials : id -2000700,FALSE,TRUE,52139,Revit Element : <None>,Revit Element : <None>,Revit Element : <None>,,-1,,,,,,,,Revit Element : <None>,Main Model,,,,,DEFAULT FLOOR AREA FACE,,,,10,,0,,-1,,0,Standard,Douglas Fir (West),0,87000,76.9,0.3,2.4,8.9,5200,51200,199.95,0,Default Floor Area Face,FALSE,0,0.34,1.66,0.45,0.34,1,0.41,0.41,0.03,0,0,0,0,76.9,76.9,76.9,0.3,0.3,0.3,199.95,199.95,199.95,64,50,FALSE,75,"255,145,145",Revit Element : <None>,Revit Element : <None>
COX - MRD - Metal Roof Sheet,Revit Category : Materials : id -2000700,Revit Category : Materials : id -2000700,FALSE,TRUE,133113,Revit Element : <None>,Revit Element : <None>,Revit Element : <None>,,-1,,,,,,,RFS-101,Revit Element : <None>,Main Model,,,,,METAL ROOF DECK,,,,10,,0,MRD,-1,,0,Standard,Douglas Fir (West),0,87000,76.9,0.3,2.4,8.9,5200,51200,199.95,0,COX - MRD - Metal Roof Sheet,FALSE,0,0.34,1.66,0.45,0.34,1,0.41,0.41,0.03,0,0,0,0,76.9,76.9,76.9,0.3,0.3,0.3,199.95,199.95,199.95,128,50,FALSE,0,"227,227,227",Revit Element : <None>,Revit Element : <None>
Glass,Revit Category : Materials : id -2000700,Revit Category : Materials : id -2000700,FALSE,TRUE,133206,Revit Element : <None>,Revit Element : <None>,Revit Element : <None>,,-1,,,,,,,,Revit Element : <None>,Main Model,,,Rendering appearance not upgraded ,,,,,,10,,0,,-1,,0,Standard,Douglas Fir (West),0,87000,76904122.85,0.3,2.4,8.9,5200,51200,199947961.5,0,Glass,FALSE,0,344737.86,1.66,448159.22,344737.86,1,413685.44,413685.44,27579.03,0,0,0,0,76904122.85,76904122.85,76904122.85,0.3,0.3,0.3,199947961.5,199947961.5,199947961.5,64,50,FALSE,70,"140,181,234",Revit Element : <None>,Revit Element : <None>
Default Light Source,Revit Category : Materials : id -2000700,Revit Category : Materials : id -2000700,FALSE,TRUE,375094,Revit Element : <None>,Revit Element : <None>,Revit Element : <None>,,-1,,,,,,,,Revit Element : <None>,Main Model,,,,,DEFAULT LIGHT SOURCE,,,,10,,0,,-1,,0,Standard,Douglas Fir (West),0,87000,76904122.85,0.3,2.4,8.9,5200,51200,199947961.5,0,Default Light Source,FALSE,0,344737.86,1.66,448159.22,344737.86,1,413685.44,413685.44,27579.03,0,0,0,0,76904122.85,76904122.85,76904122.85,0.3,0.3,0.3,199947961.5,199947961.5,199947961.5,64,50,FALSE,75,"255,255,0",Revit Element : <None>,Revit Element : <None>
Carbon Steel,Revit Category : Materials : id -2000700,Revit Category : Materials : id -2000700,FALSE,TRUE,520965,Revit Element : <None>,Revit Element : <None>,Revit Element : <None>,,-1,,,,,,,,Revit Element : <None>,Main Model,,,,,,,,,10,,,,-1,,,,,,,,,,,,,,0,Carbon Steel,,,,,,,,,,,,,,,,,,,,,,,,64,50,FALSE,0,"127,127,127",Revit Element : <None>,Revit Element : <None>
Copper,Revit Category : Materials : id -2000700,Revit Category : Materials : id -2000700,FALSE,TRUE,520966,Revit Element : <None>,Revit Element : <None>,Revit Element : <None>,,-1,,,,,,,,Revit Element : <None>,Main Model,,,,,,,,,10,,,,-1,,,,,,,,,,,,,,0,Copper,,,,,,,,,,,,,,,,,,,,,,,,64,50,FALSE,0,"127,127,127",Revit Element : <None>,Revit Element : <None>
Ductile Iron,Revit Category : Materials : id -2000700,Revit Category : Materials : id -2000700,FALSE,TRUE,520967,Revit Element : <None>,Revit Element : <None>,Revit Element : <None>,,-1,,,,,,,,Revit Element : <None>,Main Model,,,,,,,,,10,,,,-1,,,,,,,,,,,,,,0,Ductile Iron,,,,,,,,,,,,,,,,,,,,,,,,64,50,FALSE,0,"127,127,127",Revit Element : <None>,Revit Element : <None>
Plastic,Revit Category : Materials : id -2000700,Revit Category : Materials : id -2000700,FALSE,TRUE,520968,Revit Element : <None>,Revit Element : <None>,Revit Element : <None>,,-1,,,,,,,,Revit Element : <None>,Main Model,,,,,,,,,10,,,,-1,,,,,,,,,,,,,,0,Plastic,,,,,,,,,,,,,,,,,,,,,,,,64,50,FALSE,0,"127,127,127",Revit Element : <None>,Revit Element : <None>
Stainless Steel,Revit Category : Materials : id -2000700,Revit Category : Materials : id -2000700,FALSE,TRUE,520969,Revit Element : <None>,Revit Element : <None>,Revit Element : <None>,,-1,,,,,,,,Revit Element : <None>,Main Model,,,,,,,,,10,,,,-1,,,,,,,,,,,,,,0,Stainless Steel,,,,,,,,,,,,,,,,,,,,,,,,64,50,FALSE,0,"127,127,127",Revit Element : <None>,Revit Element : <None>
Concrete - Cast In Situ,Revit Category : Materials : id -2000700,Revit Category : Materials : id -2000700,FALSE,TRUE,528385,Revit Element : <None>,Revit Element : <None>,Revit Element : <None>,,-1,,,,,,,,Revit Element : <None>,Main Model,,,,,,,,,10,,0,,-1,,0,Standard,Douglas Fir (West),0,87000,76.9,0.3,2.4,8.9,5200,51200,199.95,0,Concrete - Cast In Situ,FALSE,0,0.34,1.66,0.45,0.34,1,0.41,0.41,0.03,0,0,0,0,76.9,76.9,76.9,0.3,0.3,0.3,199.95,199.95,199.95,128,50,FALSE,0,"192,192,192",Revit Element : <None>,Revit Element : <None>
Generic,Revit Category : Materials : id -2000700,Revit Category : Materials : id -2000700,FALSE,TRUE,534584,Revit Element : <None>,Revit Element : <None>,Revit Element : <None>,,-1,,,,,,,,Revit Element : <None>,Main Model,,,,,DEFAULT,,,,10,,0,,-1,,,,,,,,,,,,,,0,Generic,,,,,,,,,,,,,,,,,,,,,,,,64,50,FALSE,0,"255,255,255",Revit Element : <None>,Revit Element : <None>
Metal-Stainless Steel-Polished,Revit Category : Materials : id -2000700,Revit Category : Materials : id -2000700,FALSE,TRUE,876737,Revit Element : <None>,Revit Element : <None>,Revit Element : <None>,,-1,,,,,,,,Revit Element : <None>,Main Model,,,,,"Stainless Steel 18/8, polished finish",,,,10,,0,,1,,,,,,,,,,,,,,1,Metal-Stainless Steel-Polished,,,,,,,,,,,,,,,,,,,,,,,,64,50,FALSE,0,"189,187,185",Revit Element : <None>,Revit Element : <None>
Metal-Aluminium-Anodised-Clear,Revit Category : Materials : id -2000700,Revit Category : Materials : id -2000700,FALSE,TRUE,876769,Revit Element : <None>,Revit Element : <None>,Revit Element : <None>,,-1,,,,,,,,Revit Element : <None>,Main Model,,,,,"Anodised aluminum, clear",,,,10,,0,,1,,,,,,,,,,,,,,1,Metal-Aluminium-Anodised-Clear,,,,,,,,,,,,,,,,,,,,,,,,64,50,FALSE,0,"221,221,221",Revit Element : <None>,Revit Element : <None>
Glass-Float-Clear,Revit Category : Materials : id -2000700,Revit Category : Materials : id -2000700,FALSE,TRUE,876771,Revit Element : <None>,Revit Element : <None>,Revit Element : <None>,,-1,,,,,,,,Revit Element : <None>,Main Model,,,,,,,,,10,,0,,1,,,,,,,,,,,,,,6,Glass-Float-Clear,,,,,,,,,,,,,,,,,,,,,,,,64,50,FALSE,80,"250,250,250",Revit Element : <None>,Revit Element : <None>
Metal-Louvres-Coarse-Door,Revit Category : Materials : id -2000700,Revit Category : Materials : id -2000700,FALSE,TRUE,876777,Revit Element : <None>,Revit Element : <None>,Revit Element : <None>,,-1,,,,,,,,Revit Element : <None>,Main Model,,,,,Anodised-Clear,,,,10,,0,,1,,,,,,,,,,,,,,1,Metal-Louvres-Coarse-Door,,,,,,,,,,,,,,,,,,,,,,,,64,50,FALSE,0,"170,170,170",Revit Element : <None>,Revit Element : <None>
Clearance,Revit Category : Materials : id -2000700,Revit Category : Materials : id -2000700,FALSE,TRUE,876782,Revit Element : <None>,Revit Element : <None>,Revit Element : <None>,,-1,,,,,,,,Revit Element : <None>,Main Model,,,,,,,,,10,,0,,-1,,,,,,,,,,,,,,0,Clearance,,,,,,,,,,,,,,,,,,,,,,,,64,50,FALSE,90,"255,128,0",Revit Element : <None>,Revit Element : <None>
Metal-Stainless Steel-Brushed,Revit Category : Materials : id -2000700,Revit Category : Materials : id -2000700,FALSE,TRUE,876786,Revit Element : <None>,Revit Element : <None>,Revit Element : <None>,,-1,,,,,,,,Revit Element : <None>,Main Model,,,,,Stainless Steel-Brushed,,,,10,,0,,1,,,,,,,,,,,,,,1,Metal-Stainless Steel-Brushed,,,,,,,,,,,,,,,,,,,,,,,,64,50,FALSE,0,"189,187,185",Revit Element : <None>,Revit Element : <None>
Metal-Steel-Mill Finish,Revit Category : Materials : id -2000700,Revit Category : Materials : id -2000700,FALSE,TRUE,876790,Revit Element : <None>,Revit Element : <None>,Revit Element : <None>,,-1,,,,,,,,Revit Element : <None>,Main Model,,Generic,,,"Steel, mill finish",,,,10,,0,,1,,,,,,,,,,,,,,1,Metal-Steel-Mill Finish,,,,,,,,,,,,,,,,,,,,,,,,64,50,FALSE,0,"83,83,80",Revit Element : <None>,Revit Element : <None>
Wood-Western Red Cedar-Gloss,Revit Category : Materials : id -2000700,Revit Category : Materials : id -2000700,FALSE,TRUE,876792,Revit Element : <None>,Revit Element : <None>,Revit Element : <None>,,-1,,,,,,,,Revit Element : <None>,Main Model,Western Red Cedar,,,,Western Red Cedar,,,,10,,0,,1,,,,,,,,,,,,,,3,Wood-Western Red Cedar-Gloss,,,,,,,,,,,,,,,,,,,,,,,,64,50,FALSE,0,"119,94,77",Revit Element : <None>,Revit Element : <None>
Metal-Stainless Steel-Satin,Revit Category : Materials : id -2000700,Revit Category : Materials : id -2000700,FALSE,TRUE,975743,Revit Element : <None>,Revit Element : <None>,Revit Element : <None>,,-1,,,,,,,,Revit Element : <None>,Main Model,,,,,"Stainless Steel 18/8, polished finish",,,,10,,0,,1,,,,,,,,,,,,,,1,Metal-Stainless Steel-Satin,,,,,,,,,,,,,,,,,,,,,,,,64,50,FALSE,0,"189,187,185",Revit Element : <None>,Revit Element : <None>
Asphalt-Matt Paint-White,Revit Category : Materials : id -2000700,Revit Category : Materials : id -2000700,FALSE,TRUE,977820,Revit Element : <None>,Revit Element : <None>,Revit Element : <None>,,-1,,,,,,,,Revit Element : <None>,Main Model,,Boral,Road Material,http://www.boral.com.au/BDP/products/asphalt.asp?AUD=buildingDesignProfessional_Asphalt,Asphalt,,,,10,,0,,-1,,0,Standard,Douglas Fir (West),0,87000,76904122.85,0.3,2.4,8.9,5200,51200,199947961.5,0,Asphalt-Matt Paint-White,FALSE,0,344737.86,1.66,448159.22,344737.86,1,413685.44,413685.44,27579.03,0,0,0,0,76904122.85,76904122.85,76904122.85,0.3,0.3,0.3,199947961.5,199947961.5,199947961.5,128,50,FALSE,0,"255,255,255",Revit Element : <None>,Revit Element : <None>
Concrete-Insitu-32MPa-Natural,Revit Category : Materials : id -2000700,Revit Category : Materials : id -2000700,FALSE,TRUE,988377,Revit Element : <None>,Revit Element : <None>,Revit Element : <None>,,-1,,,,,,,,Revit Element : <None>,Main Model,,,,,Insitu Concrete with Natural Finish,,,,10,,0,,1,,,,,,,,,,,,,,2,Concrete-Insitu-32MPa-Natural,,,,,,,,,,,,,,,,,,,,,,,,64,50,FALSE,0,"208,200,196",Revit Element : <None>,Revit Element : <None>
Metal-Steel-450MPa,Revit Category : Materials : id -2000700,Revit Category : Materials : id -2000700,FALSE,TRUE,990227,Revit Element : <None>,Revit Element : <None>,Revit Element : <None>,,-1,,,,,,,,Revit Element : <None>,Main Model,,Generic,,,"Steel, mill finish",,,,10,,0,,1,,,,,,,,,,,,,,1,Metal-Steel-450MPa,,,,,,,,,,,,,,,,,,,,,,,,64,50,FALSE,0,"102,106,111",Revit Element : <None>,Revit Element : <None>
Metal-Steel-390MPa,Revit Category : Materials : id -2000700,Revit Category : Materials : id -2000700,FALSE,TRUE,990228,Revit Element : <None>,Revit Element : <None>,Revit Element : <None>,,-1,,,,,,,PNT-106a,Revit Element : <None>,Main Model,,Generic,,,"Steel, mill finish",,,,10,,0,,1,,,,,,,,,,,,,,1,Metal-Steel-390MPa,,,,,,,,,,,,,,,,,,,,,,,,64,50,FALSE,0,"102,106,111",Revit Element : <None>,Revit Element : <None>
COX - PBMR - Plasterboard MR,Revit Category : Materials : id -2000700,Revit Category : Materials : id -2000700,FALSE,TRUE,1007775,Revit Element : <None>,Revit Element : <None>,Revit Element : <None>,,-1,,,,,,,ILS-102,Revit Element : <None>,Main Model,,,,,PLASTER BOARD MR,,,,10,,0,PBMR,-1,,0,,,0,0,0,0,0,0,0,0,0,0,COX - PBMR - Plasterboard MR,FALSE,0,0,0,0,0,0,0,0,0,0,0,0,0,0,0,0,0,0,0,0,0,0,64,50,FALSE,0,"249,249,249",Revit Element : <None>,Revit Element : <None>
Steel,Revit Category : Materials : id -2000700,Revit Category : Materials : id -2000700,FALSE,TRUE,1008571,Revit Element : <None>,Revit Element : <None>,Revit Element : <None>,,-1,,,,,,,,Revit Element : <None>,Main Model,,,,,"Steel, mill finish",,,,10,,0,,1,,,,,,,,,,,,,,1,Steel,,,,,,,,,,,,,,,,,,,,,,,,128,50,FALSE,0,"57,57,57",Revit Element : <None>,Revit Element : <None>
Metal-Aluminium,Revit Category : Materials : id -2000700,Revit Category : Materials : id -2000700,FALSE,TRUE,1260527,Revit Element : <None>,Revit Element : <None>,Revit Element : <None>,,-1,,,,,,,CLD-206,Revit Element : <None>,Main Model,,,,,Aluminium 6061,,,,10,,0,,1,,,,,,,,,,,,,,1,Metal-Aluminium,,,,,,,,,,,,,,,,,,,,,,,,64,50,FALSE,0,"244,244,244",Revit Element : <None>,Revit Element : <None>
Metal-Steel-Stainless,Revit Category : Materials : id -2000700,Revit Category : Materials : id -2000700,FALSE,TRUE,1260535,Revit Element : <None>,Revit Element : <None>,Revit Element : <None>,,-1,,,,,,,,Revit Element : <None>,Main Model,,,,,Stainless Steel 18/8,,,,10,,0,,1,,,,,,,,,,,,,,1,Metal-Steel-Stainless,,,,,,,,,,,,,,,,,,,,,,,,64,50,FALSE,0,"189,187,185",Revit Element : <None>,Revit Element : <None>
Poche,Revit Category : Materials : id -2000700,Revit Category : Materials : id -2000700,FALSE,TRUE,1314963,Revit Element : <None>,Revit Element : <None>,Revit Element : <None>,,-1,,,,,,,,Revit Element : <None>,Main Model,,,,,,,,,10,,,,-1,,0,Standard,Douglas Fir (West),0,87000,76.9,0.3,2.4,8.9,5200,51200,199.95,0,Poche,FALSE,0,0.34,1.66,0.45,0.34,1,0.41,0.41,0.03,0,0,0,0,76.9,76.9,76.9,0.3,0.3,0.3,199.95,199.95,199.95,64,50,FALSE,0,"0,0,255",Revit Element : <None>,Revit Element : <None>
Clearance-Circulation Space,Revit Category : Materials : id -2000700,Revit Category : Materials : id -2000700,FALSE,TRUE,1393840,Revit Element : <None>,Revit Element : <None>,Revit Element : <None>,,-1,,,,,,,,Revit Element : <None>,Main Model,,,,,,,,,10,,0,,-1,,,,,,,,,,,,,,0,Clearance-Circulation Space,,,,,,,,,,,,,,,,,,,,,,,,64,50,FALSE,86,"255,0,0",Revit Element : <None>,Revit Element : <None>
Metal-Steel,Revit Category : Materials : id -2000700,Revit Category : Materials : id -2000700,FALSE,TRUE,1729005,Revit Element : <None>,Revit Element : <None>,Revit Element : <None>,,-1,,,,,,,,Revit Element : <None>,Main Model,,,Rendering appearance not upgraded ,,Metal Stud,,,,10,,0,,1,,,,,,,,,,,,,,1,Metal-Steel,,,,,,,,,,,,,,,,,,,,,,,,64,50,FALSE,0,"192,192,192",Revit Element : <None>,Revit Element : <None>
Plastic-Polypropylene-Green,Revit Category : Materials : id -2000700,Revit Category : Materials : id -2000700,FALSE,TRUE,1861521,Revit Element : <None>,Revit Element : <None>,Revit Element : <None>,,-1,,,,,,,,Revit Element : <None>,Main Model,,,,,Plastic-Polypropylene-Green,,,,10,,0,,1,,,,,,,,,,,,,,4,Plastic-Polypropylene-Green,,,,,,,,,,,,,,,,,,,,,,,,64,50,FALSE,0,"0,168,0",Revit Element : <None>,Revit Element : <None>
Ceramic-Gloss-White,Revit Category : Materials : id -2000700,Revit Category : Materials : id -2000700,FALSE,TRUE,2088288,Revit Element : <None>,Revit Element : <None>,Revit Element : <None>,,-1,,,,,,,,Revit Element : <None>,Main Model,,,,,,,,,10,,0,,1,,,,,,,,,,,,,,4,Ceramic-Gloss-White,,,,,,,,,,,,,,,,,,,,,,,,64,50,FALSE,0,"255,255,255",Revit Element : <None>,Revit Element : <None>
Metal-Steel-Stainless-Polished,Revit Category : Materials : id -2000700,Revit Category : Materials : id -2000700,FALSE,TRUE,2088290,Revit Element : <None>,Revit Element : <None>,Revit Element : <None>,,-1,,,,,,,,Revit Element : <None>,Main Model,,,,,"Stainless Steel 18/8, polished finish",,,,10,,0,,1,,,,,,,,,,,,,,1,Metal-Steel-Stainless-Polished,,,,,,,,,,,,,,,,,,,,,,,,64,50,FALSE,0,"192,192,192",Revit Element : <None>,Revit Element : <None>
Wood-Oak-White-Semi Gloss,Revit Category : Materials : id -2000700,Revit Category : Materials : id -2000700,FALSE,TRUE,2098613,Revit Element : <None>,Revit Element : <None>,Revit Element : <None>,,-1,,,,,,,,Revit Element : <None>,Main Model,,,,,Oak,,,,10,,0,,1,,,,,,,,,,,,,,3,Wood-Oak-White-Semi Gloss,,,,,,,,,,,,,,,,,,,,,,,,64,50,FALSE,0,"255,255,255",Revit Element : <None>,Revit Element : <None>
Plastic-Black,Revit Category : Materials : id -2000700,Revit Category : Materials : id -2000700,FALSE,TRUE,2098618,Revit Element : <None>,Revit Element : <None>,Revit Element : <None>,,-1,,,,,,,,Revit Element : <None>,Main Model,,,,,Plastic,,,,10,,0,,1,,,,,,,,,,,,,,4,Plastic-Black,,,,,,,,,,,,,,,,,,,,,,,,64,50,FALSE,0,"0,0,0",Revit Element : <None>,Revit Element : <None>
COX - FC - External Fibre Cement - 1200x2400,Revit Category : Materials : id -2000700,Revit Category : Materials : id -2000700,FALSE,TRUE,2312548,Revit Element : <None>,Revit Element : <None>,Revit Element : <None>,,-1,,,,,,,CLD-101a,Revit Element : <None>,Main Model,,,,,FIBRE CEMENT,,,,10,,0,FC,-1,,0,Standard,Douglas Fir (West),0,87000,76.9,0.3,2.4,8.9,5200,51200,199.95,0,COX - FC - External Fibre Cement - 1200x2400,FALSE,0,0.34,1.66,0.45,0.34,1,0.41,0.41,0.03,0,0,0,0,76.9,76.9,76.9,0.3,0.3,0.3,199.95,199.95,199.95,128,50,FALSE,0,"249,249,249",Revit Element : <None>,Revit Element : <None>
Plastic-Rubber-Black,Revit Category : Materials : id -2000700,Revit Category : Materials : id -2000700,FALSE,TRUE,2312635,Revit Element : <None>,Revit Element : <None>,Revit Element : <None>,,-1,,,,,,,,Revit Element : <None>,Main Model,,,,,"Natural rubber, black",,,,10,,0,,1,,,,,,,,,,,,,,4,Plastic-Rubber-Black,,,,,,,,,,,,,,,,,,,,,,,,64,50,FALSE,0,"36,36,36",Revit Element : <None>,Revit Element : <None>
Metal - Aluminium,Revit Category : Materials : id -2000700,Revit Category : Materials : id -2000700,FALSE,TRUE,2312649,Revit Element : <None>,Revit Element : <None>,Revit Element : <None>,,-1,,,,,,,CLD-206,Revit Element : <None>,Main Model,,,,,,,,,10,,0,,-1,,0,Standard,Douglas Fir (West),0,87000,76904122.85,0.3,2.4,8.9,5200,51200,199947961.5,0,Metal - Aluminium,FALSE,0,344737.86,1.66,448159.22,344737.86,1,413685.44,413685.44,27579.03,0,0,0,0,76904122.85,76904122.85,76904122.85,0.3,0.3,0.3,199947961.5,199947961.5,199947961.5,128,50,FALSE,0,"247,247,247",Revit Element : <None>,Revit Element : <None>
Phase - Demo,Revit Category : Materials : id -2000700,Revit Category : Materials : id -2000700,FALSE,TRUE,2312709,Revit Element : <None>,Revit Element : <None>,Revit Element : <None>,,-1,,,,,,,,Revit Element : <None>,Main Model,,,,,,,,,10,,0,,-1,,0,Standard,Douglas Fir (West),0,87000,76.9,0.3,2.4,8.9,5200,51200,199.95,0,Phase - Demo,FALSE,0,0.34,1.66,0.45,0.34,1,0.41,0.41,0.03,0,0,0,0,76.9,76.9,76.9,0.3,0.3,0.3,199.95,199.95,199.95,64,50,FALSE,40,"255,0,0",Revit Element : <None>,Revit Element : <None>
Phase - Exist,Revit Category : Materials : id -2000700,Revit Category : Materials : id -2000700,FALSE,TRUE,2312710,Revit Element : <None>,Revit Element : <None>,Revit Element : <None>,,-1,,,,,,,,Revit Element : <None>,Main Model,,,,,,,,,10,,,,-1,,0,Standard,Douglas Fir (West),0,87000,76.9,0.3,2.4,8.9,5200,51200,199.95,0,Phase - Exist,FALSE,0,0.34,1.66,0.45,0.34,1,0.41,0.41,0.03,0,0,0,0,76.9,76.9,76.9,0.3,0.3,0.3,199.95,199.95,199.95,64,50,FALSE,0,"127,127,127",Revit Element : <None>,Revit Element : <None>
Phase - Temporary,Revit Category : Materials : id -2000700,Revit Category : Materials : id -2000700,FALSE,TRUE,2312713,Revit Element : <None>,Revit Element : <None>,Revit Element : <None>,,-1,,,,,,,,Revit Element : <None>,Main Model,,,,,,,,,10,,,,-1,,0,Standard,Douglas Fir (West),0,87000,76.9,0.3,2.4,8.9,5200,51200,199.95,0,Phase - Temporary,FALSE,0,0.34,1.66,0.45,0.34,1,0.41,0.41,0.03,0,0,0,0,76.9,76.9,76.9,0.3,0.3,0.3,199.95,199.95,199.95,64,50,FALSE,40,"0,0,127",Revit Element : <None>,Revit Element : <None>
Porcelain-White-Caroma,Revit Category : Materials : id -2000700,Revit Category : Materials : id -2000700,FALSE,TRUE,2312978,Revit Element : <None>,Revit Element : <None>,Revit Element : <None>,,-1,,,,,,,,Revit Element : <None>,Main Model,,,,,Porcelain-White-Caroma,,,,10,,0,,1,,,,,,,,,,,,,,4,Porcelain-White-Caroma,,,,,,,,,,,,,,,,,,,,,,,,64,50,FALSE,0,"239,242,249",Revit Element : <None>,Revit Element : <None>
Metal-Chrome-Caroma,Revit Category : Materials : id -2000700,Revit Category : Materials : id -2000700,FALSE,TRUE,2312979,Revit Element : <None>,Revit Element : <None>,Revit Element : <None>,,-1,,,,,,,,Revit Element : <None>,Main Model,,,,,Metal-Chrome-Caroma,,,,10,,0,,1,,,,,,,,,,,,,,1,Metal-Chrome-Caroma,,,,,,,,,,,,,,,,,,,,,,,,64,50,FALSE,0,"244,244,244",Revit Element : <None>,Revit Element : <None>
Porcelain-Sorrento Blue-Caroma,Revit Category : Materials : id -2000700,Revit Category : Materials : id -2000700,FALSE,TRUE,2312988,Revit Element : <None>,Revit Element : <None>,Revit Element : <None>,,-1,,,,,,,,Revit Element : <None>,Main Model,,,,,Porcelain-Sorrento Blue-Caroma,,,,10,,0,,1,,,,,,,,,,,,,,4,Porcelain-Sorrento Blue-Caroma,,,,,,,,,,,,,,,,,,,,,,,,64,50,FALSE,0,"26,58,172",Revit Element : <None>,Revit Element : <None>
Metal-Stainless Steel-Generic-Polished,Revit Category : Materials : id -2000700,Revit Category : Materials : id -2000700,FALSE,TRUE,2313001,Revit Element : <None>,Revit Element : <None>,Revit Element : <None>,,-1,,,,,,,,Revit Element : <None>,Main Model,,,,,Metal-Stainless Steel-Generic-Polished,,,,10,,0,,1,,,,,,,,,,,,,,1,Metal-Stainless Steel-Generic-Polished,,,,,,,,,,,,,,,,,,,,,,,,64,50,FALSE,0,"192,192,192",Revit Element : <None>,Revit Element : <None>
Plastic-Transparent-Black,Revit Category : Materials : id -2000700,Revit Category : Materials : id -2000700,FALSE,TRUE,2313005,Revit Element : <None>,Revit Element : <None>,Revit Element : <None>,,-1,,,,,,,,Revit Element : <None>,Main Model,,,,,Plastic-Transparent-Black,,,,10,,0,,1,,,,,,,,,,,,,,4,Plastic-Transparent-Black,,,,,,,,,,,,,,,,,,,,,,,,64,50,FALSE,73,"80,80,80",Revit Element : <None>,Revit Element : <None>
Glass-Frosted-White,Revit Category : Materials : id -2000700,Revit Category : Materials : id -2000700,FALSE,TRUE,2313434,Revit Element : <None>,Revit Element : <None>,Revit Element : <None>,,-1,,,,,,,,Revit Element : <None>,Main Model,,,,,Acrylonitrile butadiene styrene,,,,10,,0,,1,,,,,,,,,,,,,,6,Glass-Frosted-White,,,,,,,,,,,,,,,,,,,,,,,,64,50,FALSE,50,"255,255,255",Revit Element : <None>,Revit Element : <None>
Metal-Steel-Galvanised,Revit Category : Materials : id -2000700,Revit Category : Materials : id -2000700,FALSE,TRUE,2313448,Revit Element : <None>,Revit Element : <None>,Revit Element : <None>,,-1,,,,,,,,Revit Element : <None>,Main Model,,Generic,,,"Steel, mill finish",,,,10,,0,,1,,,,,,,,,,,,,,1,Metal-Steel-Galvanised,,,,,,,,,,,,,,,,,,,,,,,,64,50,FALSE,0,"102,105,111",Revit Element : <None>,Revit Element : <None>
Metal-Steel-350MPa,Revit Category : Materials : id -2000700,Revit Category : Materials : id -2000700,FALSE,TRUE,2313495,Revit Element : <None>,Revit Element : <None>,Revit Element : <None>,,-1,,,,,,,AMW-101,Revit Element : <None>,Main Model,,Generic,,,"Steel, mill finish",,,,10,,0,,1,,,,,,,,,,,,,,1,Metal-Steel-350MPa,,,,,,,,,,,,,,,,,,,,,,,,64,50,FALSE,0,"102,105,111",Revit Element : <None>,Revit Element : <None>
COX - Glass CLEAR,Revit Category : Materials : id -2000700,Revit Category : Materials : id -2000700,FALSE,TRUE,2561314,Revit Element : <None>,Revit Element : <None>,Revit Element : <None>,,-1,,,,,,,GLS-201a,Revit Element : <None>,Main Model,,,,,GLASS,,,,10,,0,,-1,,0,Standard,Douglas Fir (West),0,87000,76.9,0.3,2.4,8.9,5200,51200,199.95,0,COX - Glass CLEAR,FALSE,0,0.34,1.66,0.45,0.34,1,0.41,0.41,0.03,0,0,0,0,76.9,76.9,76.9,0.3,0.3,0.3,199.95,199.95,199.95,12,50,FALSE,70,"236,240,239",Revit Element : <None>,Revit Element : <None>
P2,Revit Category : Materials : id -2000700,Revit Category : Materials : id -2000700,FALSE,TRUE,2600102,Revit Element : <None>,Revit Element : <None>,Revit Element : <None>,,-1,,,,,,,P2,Revit Element : <None>,Main Model,,Dulux,,,Paint colour xxxxx.,,,,10,,0,,-1,,0,,,0,0,0,0,0,0,0,0,0,0,P2,FALSE,0,0,0,0,0,0,0,0,0,0,0,0,0,0,0,0,0,0,0,0,0,0,64,50,FALSE,0,"192,192,192",Revit Element : <None>,Revit Element : <None>
P1,Revit Category : Materials : id -2000700,Revit Category : Materials : id -2000700,FALSE,TRUE,2600108,Revit Element : <None>,Revit Element : <None>,Revit Element : <None>,,-1,,,,,,,PNT-105a,Revit Element : <None>,Main Model,,,,,Paint colour xxxxx.,,,,10,,0,,-1,,0,,,0,0,0,0,0,0,0,0,0,0,P1,FALSE,0,0,0,0,0,0,0,0,0,0,0,0,0,0,0,0,0,0,0,0,0,0,64,50,FALSE,0,"255,255,255",Revit Element : <None>,Revit Element : <None>
SSB,Revit Category : Materials : id -2000700,Revit Category : Materials : id -2000700,FALSE,TRUE,2600109,Revit Element : <None>,Revit Element : <None>,Revit Element : <None>,,-1,,,,,,,SSB,Revit Element : <None>,Main Model,,,,,"Stainless Steel, brushed finish",,,,10,,0,,1,,,,,,,,,,,,,,1,SSB,,,,,,,,,,,,,,,,,,,,,,,,64,50,FALSE,0,"212,212,212",Revit Element : <None>,Revit Element : <None>
GLCL1,Revit Category : Materials : id -2000700,Revit Category : Materials : id -2000700,FALSE,TRUE,2600111,Revit Element : <None>,Revit Element : <None>,Revit Element : <None>,,-1,,,,,,,GLCL1,Revit Element : <None>,Main Model,,,,,Clear glass Type 1,,,,10,,0,,-1,,0,,,0,0,0,0,0,0,0,0,0,0,GLCL1,FALSE,0,0,0,0,0,0,0,0,0,0,0,0,0,0,0,0,0,0,0,0,0,0,64,50,FALSE,90,"236,249,255",Revit Element : <None>,Revit Element : <None>
ALAZ1,Revit Category : Materials : id -2000700,Revit Category : Materials : id -2000700,FALSE,TRUE,2600116,Revit Element : <None>,Revit Element : <None>,Revit Element : <None>,,-1,,,,,,,ALAZ1,Revit Element : <None>,Main Model,,,,,Aluminium 6061,,,,10,,0,,1,,,,,,,,,,,,,,1,ALAZ1,,,,,,,,,,,,,,,,,,,,,,,,64,50,FALSE,0,"215,215,215",Revit Element : <None>,Revit Element : <None>
TMBR1,Revit Category : Materials : id -2000700,Revit Category : Materials : id -2000700,FALSE,TRUE,2600118,Revit Element : <None>,Revit Element : <None>,Revit Element : <None>,,-1,,,,,,,TMBR1,Revit Element : <None>,Main Model,,,,,Timber,,,,10,,0,,-1,,,,,,,,,,,,,,0,TMBR1,,,,,,,,,,,,,,,,,,,,,,,,64,50,FALSE,0,"249,239,230",Revit Element : <None>,Revit Element : <None>
Render Material 255-255-255,Revit Category : Materials : id -2000700,Revit Category : Materials : id -2000700,FALSE,TRUE,2927041,Revit Element : <None>,Revit Element : <None>,Revit Element : <None>,,-1,,,,,,,,Revit Element : <None>,Main Model,,,,,,,,,10,,,,-1,,,,,,,,,,,,,,0,Render Material 255-255-255,,,,,,,,,,,,,,,,,,,,,,,,64,50,FALSE,0,"255,255,255",Revit Element : <None>,Revit Element : <None>
Glass Clear White (Cox),Revit Category : Materials : id -2000700,Revit Category : Materials : id -2000700,FALSE,TRUE,3224449,Revit Element : <None>,Revit Element : <None>,Revit Element : <None>,,-1,,,,,,,,Revit Element : <None>,Main Model,,,,,,,,,10,,0,,-1,,0,,,0,0,0,0,0,0,0,0,0,0,Glass Clear White (Cox),FALSE,0,0,0,0,0,0,0,0,0,0,0,0,0,0,0,0,0,0,0,0,0,0,64,50,FALSE,100,"255,255,255",Revit Element : <None>,Revit Element : <None>
Aluminium Satin (Cox),Revit Category : Materials : id -2000700,Revit Category : Materials : id -2000700,FALSE,TRUE,3224451,Revit Element : <None>,Revit Element : <None>,Revit Element : <None>,,-1,,,,,,,,Revit Element : <None>,Main Model,,,,,,,,,10,,0,,-1,,0,,,0,0,0,0,0,0,0,0,0,0,Aluminium Satin (Cox),FALSE,0,0,0,0,0,0,0,0,0,0,0,0,0,0,0,0,0,0,0,0,0,0,64,50,FALSE,0,"244,245,246",Revit Element : <None>,Revit Element : <None>
System-Zones,Revit Category : Materials : id -2000700,Revit Category : Materials : id -2000700,FALSE,TRUE,3690132,Revit Element : <None>,Revit Element : <None>,Revit Element : <None>,,-1,,,,,,,,Revit Element : <None>,Main Model,,,,,,,,,10,,,,-1,,0,,,0,0,76904122.85,0.3,0,0,0,0,199947961.5,0,System-Zones,FALSE,0,0,0,0,0,0,0,0,0,0,0,0,0,76904122.85,76904122.85,76904122.85,0.3,0.3,0.3,199947961.5,199947961.5,199947961.5,64,50,FALSE,50,"94,94,205",Revit Element : <None>,Revit Element : <None>
Analytical Spaces,Revit Category : Materials : id -2000700,Revit Category : Materials : id -2000700,FALSE,TRUE,3702163,Revit Element : <None>,Revit Element : <None>,Revit Element : <None>,,-1,,,,,,,,Revit Element : <None>,Main Model,,,,,,,,,10,,,,-1,,0,,,0,0,76904122.85,0.3,0,0,0,0,199947961.5,0,Analytical Spaces,FALSE,0,0,0,0,0,0,0,0,0,0,0,0,0,76904122.85,76904122.85,76904122.85,0.3,0.3,0.3,199947961.5,199947961.5,199947961.5,64,50,FALSE,85,"0,200,200",Revit Element : <None>,Revit Element : <None>
Analytical Surface - Exterior Walls,Revit Category : Materials : id -2000700,Revit Category : Materials : id -2000700,FALSE,TRUE,3702165,Revit Element : <None>,Revit Element : <None>,Revit Element : <None>,,-1,,,,,,,,Revit Element : <None>,Main Model,,,,,,,,,10,,,,-1,,0,,,0,0,76904122.85,0.3,0,0,0,0,199947961.5,0,Analytical Surface - Exterior Walls,FALSE,0,0,0,0,0,0,0,0,0,0,0,0,0,76904122.85,76904122.85,76904122.85,0.3,0.3,0.3,199947961.5,199947961.5,199947961.5,64,50,FALSE,50,"133,178,44",Revit Element : <None>,Revit Element : <None>
Analytical Surface - Roofs,Revit Category : Materials : id -2000700,Revit Category : Materials : id -2000700,FALSE,TRUE,3702167,Revit Element : <None>,Revit Element : <None>,Revit Element : <None>,,-1,,,,,,,,Revit Element : <None>,Main Model,,,,,,,,,10,,,,-1,,0,,,0,0,76904122.85,0.3,0,0,0,0,199947961.5,0,Analytical Surface - Roofs,FALSE,0,0,0,0,0,0,0,0,0,0,0,0,0,76904122.85,76904122.85,76904122.85,0.3,0.3,0.3,199947961.5,199947961.5,199947961.5,64,50,FALSE,50,"38,15,153",Revit Element : <None>,Revit Element : <None>
Analytical Surface - Slabs on Grade,Revit Category : Materials : id -2000700,Revit Category : Materials : id -2000700,FALSE,TRUE,3702169,Revit Element : <None>,Revit Element : <None>,Revit Element : <None>,,-1,,,,,,,,Revit Element : <None>,Main Model,,,,,,,,,10,,,,-1,,0,,,0,0,76904122.85,0.3,0,0,0,0,199947961.5,0,Analytical Surface - Slabs on Grade,FALSE,0,0,0,0,0,0,0,0,0,0,0,0,0,76904122.85,76904122.85,76904122.85,0.3,0.3,0.3,199947961.5,199947961.5,199947961.5,64,50,FALSE,50,"101,81,204",Revit Element : <None>,Revit Element : <None>
Analytical Surface - Interior Walls,Revit Category : Materials : id -2000700,Revit Category : Materials : id -2000700,FALSE,TRUE,3702171,Revit Element : <None>,Revit Element : <None>,Revit Element : <None>,,-1,,,,,,,,Revit Element : <None>,Main Model,,,,,,,,,10,,,,-1,,0,,,0,0,76904122.85,0.3,0,0,0,0,199947961.5,0,Analytical Surface - Interior Walls,FALSE,0,0,0,0,0,0,0,0,0,0,0,0,0,76904122.85,76904122.85,76904122.85,0.3,0.3,0.3,199947961.5,199947961.5,199947961.5,64,50,FALSE,50,"195,229,126",Revit Element : <None>,Revit Element : <None>
Analytical Surface - Interior Floors,Revit Category : Materials : id -2000700,Revit Category : Materials : id -2000700,FALSE,TRUE,3702173,Revit Element : <None>,Revit Element : <None>,Revit Element : <None>,,-1,,,,,,,,Revit Element : <None>,Main Model,,,,,,,,,10,,,,-1,,0,,,0,0,76904122.85,0.3,0,0,0,0,199947961.5,0,Analytical Surface - Interior Floors,FALSE,0,0,0,0,0,0,0,0,0,0,0,0,0,76904122.85,76904122.85,76904122.85,0.3,0.3,0.3,199947961.5,199947961.5,199947961.5,64,50,FALSE,50,"101,81,204",Revit Element : <None>,Revit Element : <None>
Analytical Surface - Ceilings,Revit Category : Materials : id -2000700,Revit Category : Materials : id -2000700,FALSE,TRUE,3702175,Revit Element : <None>,Revit Element : <None>,Revit Element : <None>,,-1,,,,,,,,Revit Element : <None>,Main Model,,,,,,,,,10,,,,-1,,0,,,0,0,76904122.85,0.3,0,0,0,0,199947961.5,0,Analytical Surface - Ceilings,FALSE,0,0,0,0,0,0,0,0,0,0,0,0,0,76904122.85,76904122.85,76904122.85,0.3,0.3,0.3,199947961.5,199947961.5,199947961.5,64,50,FALSE,50,"191,178,255",Revit Element : <None>,Revit Element : <None>
Analytical Surface - Air Surfaces,Revit Category : Materials : id -2000700,Revit Category : Materials : id -2000700,FALSE,TRUE,3702177,Revit Element : <None>,Revit Element : <None>,Revit Element : <None>,,-1,,,,,,,,Revit Element : <None>,Main Model,,,,,,,,,10,,,,-1,,0,,,0,0,76904122.85,0.3,0,0,0,0,199947961.5,0,Analytical Surface - Air Surfaces,FALSE,0,0,0,0,0,0,0,0,0,0,0,0,0,76904122.85,76904122.85,76904122.85,0.3,0.3,0.3,199947961.5,199947961.5,199947961.5,64,50,FALSE,90,"190,210,220",Revit Element : <None>,Revit Element : <None>
Analytical Surface - Underground Walls,Revit Category : Materials : id -2000700,Revit Category : Materials : id -2000700,FALSE,TRUE,3702179,Revit Element : <None>,Revit Element : <None>,Revit Element : <None>,,-1,,,,,,,,Revit Element : <None>,Main Model,,,,,,,,,10,,,,-1,,0,,,0,0,76904122.85,0.3,0,0,0,0,199947961.5,0,Analytical Surface - Underground Walls,FALSE,0,0,0,0,0,0,0,0,0,0,0,0,0,76904122.85,76904122.85,76904122.85,0.3,0.3,0.3,199947961.5,199947961.5,199947961.5,64,50,FALSE,50,"178,111,44",Revit Element : <None>,Revit Element : <None>
Analytical Surface - Operable Windows,Revit Category : Materials : id -2000700,Revit Category : Materials : id -2000700,FALSE,TRUE,3702181,Revit Element : <None>,Revit Element : <None>,Revit Element : <None>,,-1,,,,,,,,Revit Element : <None>,Main Model,,,,,,,,,10,,,,-1,,0,,,0,0,76904122.85,0.3,0,0,0,0,199947961.5,0,Analytical Surface - Operable Windows,FALSE,0,0,0,0,0,0,0,0,0,0,0,0,0,76904122.85,76904122.85,76904122.85,0.3,0.3,0.3,199947961.5,199947961.5,199947961.5,64,50,FALSE,75,"178,229,255",Revit Element : <None>,Revit Element : <None>
Analytical Surface - Operable Skylights,Revit Category : Materials : id -2000700,Revit Category : Materials : id -2000700,FALSE,TRUE,3702183,Revit Element : <None>,Revit Element : <None>,Revit Element : <None>,,-1,,,,,,,,Revit Element : <None>,Main Model,,,,,,,,,10,,,,-1,,0,,,0,0,76904122.85,0.3,0,0,0,0,199947961.5,0,Analytical Surface - Operable Skylights,FALSE,0,0,0,0,0,0,0,0,0,0,0,0,0,76904122.85,76904122.85,76904122.85,0.3,0.3,0.3,199947961.5,199947961.5,199947961.5,64,50,FALSE,75,"178,229,255",Revit Element : <None>,Revit Element : <None>
Analytical Surface - Sliding Doors,Revit Category : Materials : id -2000700,Revit Category : Materials : id -2000700,FALSE,TRUE,3702185,Revit Element : <None>,Revit Element : <None>,Revit Element : <None>,,-1,,,,,,,,Revit Element : <None>,Main Model,,,,,,,,,10,,,,-1,,0,,,0,0,76904122.85,0.3,0,0,0,0,199947961.5,0,Analytical Surface - Sliding Doors,FALSE,0,0,0,0,0,0,0,0,0,0,0,0,0,76904122.85,76904122.85,76904122.85,0.3,0.3,0.3,199947961.5,199947961.5,199947961.5,64,50,FALSE,50,"255,178,178",Revit Element : <None>,Revit Element : <None>
Analytical Surface - Air Openings,Revit Category : Materials : id -2000700,Revit Category : Materials : id -2000700,FALSE,TRUE,3702187,Revit Element : <None>,Revit Element : <None>,Revit Element : <None>,,-1,,,,,,,,Revit Element : <None>,Main Model,,,,,,,,,10,,,,-1,,0,,,0,0,76904122.85,0.3,0,0,0,0,199947961.5,0,Analytical Surface - Air Openings,FALSE,0,0,0,0,0,0,0,0,0,0,0,0,0,76904122.85,76904122.85,76904122.85,0.3,0.3,0.3,199947961.5,199947961.5,199947961.5,64,50,FALSE,100,"255,255,255",Revit Element : <None>,Revit Element : <None>
Analytical Surface - Shades,Revit Category : Materials : id -2000700,Revit Category : Materials : id -2000700,FALSE,TRUE,3702189,Revit Element : <None>,Revit Element : <None>,Revit Element : <None>,,-1,,,,,,,,Revit Element : <None>,Main Model,,,,,,,,,10,,,,-1,,0,,,0,0,76904122.85,0.3,0,0,0,0,199947961.5,0,Analytical Surface - Shades,FALSE,0,0,0,0,0,0,0,0,0,0,0,0,0,76904122.85,76904122.85,76904122.85,0.3,0.3,0.3,199947961.5,199947961.5,199947961.5,64,50,FALSE,50,"144,146,138",Revit Element : <None>,Revit Element : <None>
Fibre Cement (Cox),Revit Category : Materials : id -2000700,Revit Category : Materials : id -2000700,FALSE,TRUE,3742029,Revit Element : <None>,Revit Element : <None>,Revit Element : <None>,,-1,,,,,,,ILS-108,Revit Element : <None>,Main Model,,,,,,,,,10,,0,,-1,,0,,,0,0,0,0,0,0,0,0,0,0,Fibre Cement (Cox),FALSE,0,0,0,0,0,0,0,0,0,0,0,0,0,0,0,0,0,0,0,0,0,0,64,50,FALSE,0,"221,221,219",Revit Element : <None>,Revit Element : <None>
Glass (Cox),Revit Category : Materials : id -2000700,Revit Category : Materials : id -2000700,FALSE,TRUE,3742031,Revit Element : <None>,Revit Element : <None>,Revit Element : <None>,,-1,,,,,,,GLS-201a,Revit Element : <None>,Main Model,,,,,,,,,10,,0,,-1,,0,,,0,0,0,0,0,0,0,0,0,0,Glass (Cox),FALSE,0,0,0,0,0,0,0,0,0,0,0,0,0,0,0,0,0,0,0,0,0,0,64,50,FALSE,100,"245,245,243",Revit Element : <None>,Revit Element : <None>
Furring Channel (Cox),Revit Category : Materials : id -2000700,Revit Category : Materials : id -2000700,FALSE,TRUE,3742035,Revit Element : <None>,Revit Element : <None>,Revit Element : <None>,,-1,,,,,,,FRM-101,Revit Element : <None>,Main Model,,,,,,,,,10,,0,,-1,,0,,,0,0,0,0,0,0,0,0,0,0,Furring Channel (Cox),FALSE,0,0,0,0,0,0,0,0,0,0,0,0,0,0,0,0,0,0,0,0,0,0,64,50,FALSE,0,"120,120,120",Revit Element : <None>,Revit Element : <None>
Generic Wall (Cox),Revit Category : Materials : id -2000700,Revit Category : Materials : id -2000700,FALSE,TRUE,3742229,Revit Element : <None>,Revit Element : <None>,Revit Element : <None>,,-1,,,,,,,CLD-204,Revit Element : <None>,Main Model,,,,,,,,,10,,0,,-1,,0,,,0,0,0,0,0,0,0,0,0,0,Generic Wall (Cox),FALSE,0,0,0,0,0,0,0,0,0,0,0,0,0,0,0,0,0,0,0,0,0,0,64,50,FALSE,0,"255,255,255",Revit Element : <None>,Revit Element : <None>
Concrete (Cox),Revit Category : Materials : id -2000700,Revit Category : Materials : id -2000700,FALSE,TRUE,3742230,Revit Element : <None>,Revit Element : <None>,Revit Element : <None>,,-1,,,,,,,ILS-107,Revit Element : <None>,Main Model,,,,,,,,,10,,0,,-1,,0,,,0,0,0,0,0,0,0,0,0,0,Concrete (Cox),FALSE,0,0,0,0,0,0,0,0,0,0,0,0,0,0,0,0,0,0,0,0,0,0,64,50,FALSE,0,"153,154,145",Revit Element : <None>,Revit Element : <None>
Blockwork (Cox),Revit Category : Materials : id -2000700,Revit Category : Materials : id -2000700,FALSE,TRUE,3742231,Revit Element : <None>,Revit Element : <None>,Revit Element : <None>,,-1,,,,,,,EWS-101,Revit Element : <None>,Main Model,,,,,,,,,10,,0,,-1,,0,,,0,0,0,0,0,0,0,0,0,0,Blockwork (Cox),FALSE,0,0,0,0,0,0,0,0,0,0,0,0,0,0,0,0,0,0,0,0,0,0,64,50,FALSE,0,"151,151,140",Revit Element : <None>,Revit Element : <None>
Concrete Precast (Cox),Revit Category : Materials : id -2000700,Revit Category : Materials : id -2000700,FALSE,TRUE,3742232,Revit Element : <None>,Revit Element : <None>,Revit Element : <None>,,-1,,,,,,,,Revit Element : <None>,Main Model,,,,,,,,,10,,0,,-1,,0,,,0,0,0,0,0,0,0,0,0,0,Concrete Precast (Cox),FALSE,0,0,0,0,0,0,0,0,0,0,0,0,0,0,0,0,0,0,0,0,0,0,64,50,FALSE,0,"146,146,143",Revit Element : <None>,Revit Element : <None>
Metal Stud (Cox),Revit Category : Materials : id -2000700,Revit Category : Materials : id -2000700,FALSE,TRUE,3742233,Revit Element : <None>,Revit Element : <None>,Revit Element : <None>,,-1,,,,,,,FRM-101,Revit Element : <None>,Main Model,,,,,,,,,10,,0,,-1,,0,,,0,0,0,0,0,0,0,0,0,0,Metal Stud (Cox),FALSE,0,0,0,0,0,0,0,0,0,0,0,0,0,0,0,0,0,0,0,0,0,0,64,50,FALSE,0,"120,120,120",Revit Element : <None>,Revit Element : <None>
Plasterboard (Cox),Revit Category : Materials : id -2000700,Revit Category : Materials : id -2000700,FALSE,TRUE,3742234,Revit Element : <None>,Revit Element : <None>,Revit Element : <None>,,-1,,,,,,,ILS-101,Revit Element : <None>,Main Model,,,,,,,,,10,,0,,-1,,0,,,0,0,0,0,0,0,0,0,0,0,Plasterboard (Cox),FALSE,0,0,0,0,0,0,0,0,0,0,0,0,0,0,0,0,0,0,0,0,0,0,64,50,FALSE,0,"221,221,219",Revit Element : <None>,Revit Element : <None>
Fence Chainwire (Cox),Revit Category : Materials : id -2000700,Revit Category : Materials : id -2000700,FALSE,TRUE,3742237,Revit Element : <None>,Revit Element : <None>,Revit Element : <None>,,-1,,,,,,,FEN.,Revit Element : <None>,Main Model,,,,,,,,,10,,0,,-1,,0,,,0,0,0,0,0,0,0,0,0,0,Fence Chainwire (Cox),FALSE,0,0,0,0,0,0,0,0,0,0,0,0,0,0,0,0,0,0,0,0,0,0,64,50,FALSE,70,"255,255,255",Revit Element : <None>,Revit Element : <None>
Fence Timber (Cox),Revit Category : Materials : id -2000700,Revit Category : Materials : id -2000700,FALSE,TRUE,3742238,Revit Element : <None>,Revit Element : <None>,Revit Element : <None>,,-1,,,,,,,FEN.,Revit Element : <None>,Main Model,,,,,,,,,10,,0,,-1,,0,,,0,0,0,0,0,0,0,0,0,0,Fence Timber (Cox),FALSE,0,0,0,0,0,0,0,0,0,0,0,0,0,0,0,0,0,0,0,0,0,0,64,50,FALSE,0,"191,159,127",Revit Element : <None>,Revit Element : <None>
Tiles 100 x 100 (Cox),Revit Category : Materials : id -2000700,Revit Category : Materials : id -2000700,FALSE,TRUE,3742239,Revit Element : <None>,Revit Element : <None>,Revit Element : <None>,,-1,,,,,,,ILS-402,Revit Element : <None>,Main Model,,,,,,,,,10,,0,,-1,,0,,,0,0,0,0,0,0,0,0,0,0,Tiles 100 x 100 (Cox),FALSE,0,0,0,0,0,0,0,0,0,0,0,0,0,0,0,0,0,0,0,0,0,0,64,50,FALSE,0,"231,231,231",Revit Element : <None>,Revit Element : <None>
Paint Matte White (Cox),Revit Category : Materials : id -2000700,Revit Category : Materials : id -2000700,FALSE,TRUE,3742242,Revit Element : <None>,Revit Element : <None>,Revit Element : <None>,,-1,,,,,,,PT1,Revit Element : <None>,Main Model,,,,,,,,,10,,0,,-1,,0,,,0,0,0,0,0,0,0,0,0,0,Paint Matte White (Cox),FALSE,0,0,0,0,0,0,0,0,0,0,0,0,0,0,0,0,0,0,0,0,0,0,64,50,FALSE,0,"255,255,255",Revit Element : <None>,Revit Element : <None>
Plasterboard Fire Rated (Cox),Revit Category : Materials : id -2000700,Revit Category : Materials : id -2000700,FALSE,TRUE,3742244,Revit Element : <None>,Revit Element : <None>,Revit Element : <None>,,-1,,,,,,,ILS-103,Revit Element : <None>,Main Model,,,,,,,,,10,,0,,-1,,0,,,0,0,0,0,0,0,0,0,0,0,Plasterboard Fire Rated (Cox),FALSE,0,0,0,0,0,0,0,0,0,0,0,0,0,0,0,0,0,0,0,0,0,0,64,50,FALSE,0,"221,221,219",Revit Element : <None>,Revit Element : <None>
Plasterboard Acoustic Rated (Cox),Revit Category : Materials : id -2000700,Revit Category : Materials : id -2000700,FALSE,TRUE,3742245,Revit Element : <None>,Revit Element : <None>,Revit Element : <None>,,-1,,,,,,,ILS-104,Revit Element : <None>,Main Model,,,,,,,,,10,,0,,-1,,0,,,0,0,0,0,0,0,0,0,0,0,Plasterboard Acoustic Rated (Cox),FALSE,0,0,0,0,0,0,0,0,0,0,0,0,0,0,0,0,0,0,0,0,0,0,64,50,FALSE,0,"221,221,219",Revit Element : <None>,Revit Element : <None>
Electrical Load Zones,Revit Category : Materials : id -2000700,Revit Category : Materials : id -2000700,FALSE,TRUE,3754276,Revit Element : <None>,Revit Element : <None>,Revit Element : <None>,,-1,,,,,,,,Revit Element : <None>,Main Model,,,,,,,,,10,,,,-1,,0,,,0,0,76904122.85,0.3,0,0,0,0,199947961.5,0,Electrical Load Zones,FALSE,0,0,0,0,0,0,0,0,0,0,0,0,0,76904122.85,76904122.85,76904122.85,0.3,0.3,0.3,199947961.5,199947961.5,199947961.5,64,50,FALSE,50,"94,94,205",Revit Element : <None>,Revit Element : <None>
Asphalt Paint Matte White (Cox),Revit Category : Materials : id -2000700,Revit Category : Materials : id -2000700,FALSE,TRUE,3759242,Revit Element : <None>,Revit Element : <None>,Revit Element : <None>,,-1,,,,,,,,Revit Element : <None>,Main Model,,Boral,Road Material,http://www.boral.com.au/BDP/products/asphalt.asp?AUD=b,,,,,,,,,,,,,,,,,,,,,,,,,,,,,,,,,,,,,,,,,,,,,,,,,,,,,,
